X,Y,Z,Settlement_gravedad_mm
0.0,0.0,-5.0,129.9334756714311
0.0,0.0,-14.0,17.5705780855241
0.0,7.5,-5.0,129.54476932835445
0.0,7.5,-14.0,22.656778915536577
5.0,0.0,-5.0,128.658372302656
5.0,0.0,-14.0,20.8784658201249
5.0,7.5,-5.0,128.2624794141728
5.0,7.5,-14.0,26.18308946879213
0.0,0.0,-20.0,-0.0
0.0,7.5,-20.0,-0.0
5.0,0.0,-20.0,-0.0
5.0,7.5,-20.0,-0.0
0.0,0.0,-1.2,171.75885175107345
0.0,1.5,0.0,175.77365139368007
0.0,1.5,-1.2,171.7436036370786
1.0,0.0,0.0,175.56827461172682
1.0,0.0,-1.2,171.7565248219206
1.0,1.5,0.0,177.14434078605782
1.0,1.5,-1.2,171.74206607768852
0.0,0.0,-0.7999999999999999,171.75931896116404
0.0,1.5,-0.7999999999999999,171.74416617008688
1.0,0.0,-0.7999999999999999,171.75718909482575
1.0,1.5,-0.7999999999999999,171.7422650065289
0.0,7.5,0.0,173.2551414224584
5.0,0.0,0.0,172.85999660587257
5.0,7.5,0.0,168.87588684391062
0.0,0.0,-12.2,44.8975205124623
0.0,0.0,-10.4,71.3631493843346
0.0,0.0,-8.6,94.87966455734782
0.0,0.0,-6.8,114.38212436193679
0.0,1.875,-5.0,129.9005959865214
0.0,3.75,-5.0,129.6947994444616
0.0,5.625,-5.0,129.68293648167472
0.0,7.5,-12.2,51.145329651283625
0.0,7.5,-10.4,75.31335644917684
0.0,7.5,-8.6,96.31960829611933
0.0,7.5,-6.8,114.50560285949881
0.0,1.875,-14.0,17.672913600299765
0.0,3.75,-14.0,18.35232720298062
0.0,5.625,-14.0,19.663883499990455
5.0,0.0,-12.2,48.79968865393802
5.0,0.0,-10.4,72.56505042071426
5.0,0.0,-8.6,94.01579029488857
5.0,0.0,-6.8,112.92063018191655
5.0,1.875,-5.0,128.47423463396612
5.0,3.75,-5.0,128.57507527628056
5.0,5.625,-5.0,128.33505209623232
5.0,7.5,-12.2,54.531201667629155
5.0,7.5,-10.4,75.92012492851194
5.0,7.5,-8.6,95.53957024276342
5.0,7.5,-6.8,113.57094618200802
5.0,1.875,-14.0,21.26347683692252
5.0,3.75,-14.0,21.17755386560472
5.0,5.625,-14.0,22.735015968222406
1.6666666666666667,0.0,-14.0,17.986934926127407
3.3333333333333335,0.0,-14.0,18.754479235189535
1.6666666666666667,0.0,-5.0,129.30621634402834
3.3333333333333335,0.0,-5.0,129.04851841912014
1.6666666666666667,7.5,-14.0,23.33671088100094
3.3333333333333335,7.5,-14.0,24.27202874017842
1.6666666666666667,7.5,-5.0,129.25006017968775
3.3333333333333335,7.5,-5.0,128.48074011982757
0.0,0.0,-18.0,5.300468573106252
0.0,0.0,-16.0,11.23564621537271
0.0,7.5,-18.0,8.193570185289419
0.0,7.5,-16.0,15.29762234053258
0.0,1.875,-20.0,-0.0
0.0,3.75,-20.0,-0.0
0.0,5.625,-20.0,-0.0
5.0,0.0,-18.0,7.141699842384507
5.0,0.0,-16.0,13.786294090247178
5.0,7.5,-18.0,10.122199634645165
5.0,7.5,-16.0,18.03659478137528
5.0,1.875,-20.0,-0.0
5.0,3.75,-20.0,-0.0
5.0,5.625,-20.0,-0.0
1.6666666666666667,0.0,-20.0,-0.0
3.3333333333333335,0.0,-20.0,-0.0
1.6666666666666667,7.5,-20.0,-0.0
3.3333333333333335,7.5,-20.0,-0.0
0.0,1.5,-1.0096322348032698,172.6528743225866
0.0,1.5,-0.8192644696065392,173.67138634925527
0.0,1.5,-0.6288967044098089,174.4119425978976
0.0,1.5,-0.43852893921307834,175.0816545529259
0.0,1.5,-0.24579670243917562,175.49813303939823
0.0,0.1875,-1.2,171.75858398763387
0.0,0.375,-1.2,171.75790293585047
0.0,0.5625,-1.2,171.75675767655233
0.0,0.75,-1.2,171.75511010469282
0.0,0.9375,-1.2,171.75300403834243
0.0,1.125,-1.2,171.75040414234886
0.0,1.3125,-1.2,171.74728514765226
1.0,0.0,-1.0096322348032698,172.64277874212434
1.0,0.0,-0.8192644696065392,173.5346477042194
1.0,0.0,-0.6288967044098089,174.29798583681668
1.0,0.0,-0.43852893921307834,174.87852936438267
1.0,0.0,-0.24579670243917562,175.26324940948916
1.0,0.4999999999999997,0.0,175.7647750096595
1.0,1.0000000000000018,0.0,176.29820750626914
1.0,1.5,-1.0096322348032698,173.26456570227694
1.0,1.5,-0.8192644696065392,174.54054594038297
1.0,1.5,-0.6288967044098089,175.39766604035972
1.0,1.5,-0.43852893921307834,176.07298515026164
1.0,1.5,-0.24579670243917562,176.5984691811374
1.0,0.1875,-1.2,171.75637250914852
1.0,0.375,-1.2,171.75574401480753
1.0,0.5625,-1.2,171.7548896532302
1.0,0.75,-1.2,171.75334720604647
1.0,0.9375,-1.2,171.75155230375216
1.0,1.125,-1.2,171.74888935581663
1.0,1.3125,-1.2,171.74585676939753
0.2,0.0,-1.2,171.75869732403302
0.4,0.0,-1.2,171.7585243963984
0.6,0.0,-1.2,171.75810536179216
0.8,0.0,-1.2,171.75753639902902
0.2,1.5,-1.2,171.7434731108
0.4,1.5,-1.2,171.7432061873481
0.6,1.5,-1.2,171.74289944441054
0.8,1.5,-1.2,171.742590681972
0.4999999999999988,1.5,0.0,176.1470038933811
0.0,0.0,-0.9999999999999998,171.75916832563394
0.0,0.1875,-0.7999999999999999,171.75905105357208
0.0,0.375,-0.7999999999999999,171.75835412887594
0.0,0.5625,-0.7999999999999999,171.75724875055056
0.0,0.75,-0.7999999999999999,171.75557594780943
0.0,0.9375,-0.7999999999999999,171.75345419712292
0.0,1.125,-0.7999999999999999,171.75077552516237
0.0,1.3125,-0.7999999999999999,171.74760426295103
0.0,1.5,-0.9999999999999998,171.74398746048394
1.0,0.0,-0.9999999999999998,171.75698512642754
1.0,0.1875,-0.7999999999999999,171.75698924104938
1.0,0.375,-0.7999999999999999,171.7564224921869
1.0,0.5625,-0.7999999999999999,171.7553898273377
1.0,0.75,-0.7999999999999999,171.75392396909263
1.0,0.9375,-0.7999999999999999,171.75189318076752
1.0,1.125,-0.7999999999999999,171.74923369836102
1.0,1.3125,-0.7999999999999999,171.74604538001282
1.0,1.5,-0.9999999999999998,171.7418398000998
0.2,0.0,-0.7999999999999999,171.75918485077017
0.4,0.0,-0.7999999999999999,171.75900078895853
0.6,0.0,-0.7999999999999999,171.75860762680372
0.8,0.0,-0.7999999999999999,171.75792538453322
0.2,1.5,-0.7999999999999999,171.74406065867532
0.4,1.5,-0.7999999999999999,171.74383440955802
0.6,1.5,-0.7999999999999999,171.7435065736222
0.8,1.5,-0.7999999999999999,171.74299917853588
0.0,0.0,-3.9780982410817316,145.62213906202274
0.0,0.0,-3.224952941674347,155.64012128508085
0.0,0.0,-2.669854273335367,161.7239474669074
0.0,0.0,-2.2607841084596094,165.5224542640653
0.0,0.0,-1.9593086456679112,167.8760093185601
0.0,0.0,-1.7371280296776526,169.36888477335464
0.0,0.0,-1.5573320465988916,170.38033821775352
0.0,0.0,-1.3786660232994459,171.18343355809498
0.0,2.0935143038203536,0.0,177.38532180505396
0.0,2.9081112648526735,0.0,178.3357352825466
0.0,4.036252193044871,0.0,178.21676727522595
0.0,5.598590176669995,0.0,176.23728115322677
0.0,7.5,-3.333333333333333,152.34496092861622
0.0,7.5,-1.6666666666666665,166.34734297937382
5.0,0.0,-3.333333333333333,152.19646214438234
5.0,0.0,-1.6666666666666665,166.33558651177785
1.584174767136193,0.0,0.0,176.85161677931487
2.382299656002554,0.0,0.0,177.6822305405713
3.4827665484379806,0.0,0.0,176.3195031655452
1.6666666666666667,7.5,0.0,171.96738692758728
3.3333333333333335,7.5,0.0,171.24668249871692
5.0,1.875,0.0,173.46678200289944
5.0,3.75,0.0,172.94907331479587
5.0,5.625,0.0,171.81364096698533
5.0,7.5,-3.333333333333333,148.99695457915922
5.0,7.5,-1.6666666666666665,163.0711725434854
0.0,5.997373011451305,-9.499722910466748,86.05244299192269
0.0,1.5025082475914338,-9.499999504934987,83.39689384106137
0.0,2.7774223905903144,-6.794978517019362,114.73637455153498
0.0,2.778809862464767,-12.203769184859755,45.10414200799449
0.0,4.716129023347552,-6.818925431411245,114.97916737373512
0.0,3.8048088359798977,-8.067299160093304,101.90989483253547
0.0,4.716377260744486,-12.179135872996268,46.820607694793516
0.0,3.8050462520543746,-10.931305435096721,64.7822421528127
0.0,6.1408588646698306,-7.778258372629646,105.56003864478662
0.0,1.3587580408072795,-11.22482684637404,59.69106710636893
0.0,1.3586071870821415,-7.774962370409055,104.72907592714571
0.0,6.140420022901386,-11.220675195318751,62.67455690433887
0.0,6.179110415562538,-12.67387406961844,40.526520337476484
0.0,1.3205962268217775,-12.675372662023625,37.48944757378307
0.0,1.320516139066696,-6.324551167561039,119.21143029085063
0.0,6.18127654670676,-6.32372342853852,119.09762617564783
0.0,4.990887356688169,-8.611593348620675,96.25771470033723
0.0,3.7683839528222123,-9.499620655635685,84.74230581686832
0.0,2.5095612722108323,-8.612451187895529,95.28727866532398
0.0,4.990921077312796,-10.38753740105394,73.60738860561148
0.0,2.509078922687205,-10.387537401053937,72.02062823292312
5.0,5.997373011451305,-9.499722910466748,85.68881562826854
5.0,1.5025082475914338,-9.499999504934987,83.82062016340494
5.0,2.7774223905903144,-6.794978517019362,113.6537195993589
5.0,2.778809862464767,-12.203769184859755,48.83479623826725
5.0,4.716129023347552,-6.818925431411245,113.81134875961425
5.0,3.8048088359798977,-8.067299160093304,101.01467828787004
5.0,4.716377260744486,-12.179135872996268,50.09003280713432
5.0,3.8050462520543746,-10.931305435096721,66.37422993478425
5.0,6.1408588646698306,-7.778258372629646,104.59505886341103
5.0,1.3587580408072795,-11.22482684637404,62.06237006445796
5.0,1.3586071870821415,-7.774962370409055,103.7715378799648
5.0,6.140420022901386,-11.220675195318751,64.60296262107855
5.0,6.179110415562538,-12.67387406961844,43.81197835690376
5.0,1.3205962268217775,-12.675372662023625,41.233200152988644
5.0,1.320516139066696,-6.324551167561039,117.57778921183068
5.0,6.18127654670676,-6.32372342853852,118.23911310749035
5.0,4.990887356688169,-8.611593348620675,95.77680138590479
5.0,3.7683839528222123,-9.499620655635685,84.99489808395788
5.0,2.5095612722108323,-8.612451187895529,94.73243173579705
5.0,4.990921077312796,-10.38753740105394,74.7754340849563
5.0,2.509078922687205,-10.387537401053937,73.47442461071611
2.5000000000000004,0.0,-12.556624327025936,39.79887872622931
2.5,0.0,-6.443375672974064,117.61074571433744
1.4998558325730798,0.0,-9.5,83.75945112606396
3.50014416742692,0.0,-9.5,84.05760753312416
3.400291472933393,0.0,-11.28516593942145,59.76219018882866
1.584991658530147,0.0,-11.298426231060754,58.58288589033304
3.4002914729333935,0.0,-7.714834060578553,104.87425935185833
1.584991658530147,0.0,-7.701573768939246,105.05264414333861
3.8348623139796594,0.0,-12.79605972830962,37.29092235860502
1.1947943042045561,0.0,-12.765313915859979,36.21796025177398
1.194794304204555,0.0,-6.234686084140019,119.36988632271145
3.8348623139796594,0.0,-6.2039402716903815,119.34239970130095
2.4992338156738616,0.0,-10.29297458087878,73.45108667270544
2.499193926860549,0.0,-8.702396886518182,93.56519245212223
2.5000000000000004,7.5,-12.556624327025936,46.18910998155249
2.5,7.5,-6.443375672974064,117.80283383298755
3.50014416742692,7.5,-9.5,86.70020483896705
1.4998558325730798,7.5,-9.5,86.71109411069038
3.400291472933393,7.5,-11.28516593942145,64.94796111603607
1.584991658530147,7.5,-11.298426231060754,64.12671233270108
3.4002914729333935,7.5,-7.714834060578553,105.98618310994803
1.584991658530147,7.5,-7.701573768939246,106.07811437792424
3.8348623139796594,7.5,-12.79605972830962,43.491907344817626
1.1947943042045561,7.5,-12.765313915859979,42.238975738467325
1.194794304204555,7.5,-6.234686084140019,119.83627441147048
3.8348623139796594,7.5,-6.2039402716903815,119.55450981243324
2.4992338156738616,7.5,-10.29297458087878,77.28144682132309
2.499193926860549,7.5,-8.702396886518182,95.67770999918456
2.4476264334453126,6.100413727510206,-14.0,20.797370404593995
2.5000000000000004,1.443375672974064,-14.0,18.423670432336237
1.4034339267291014,4.84417887570054,-14.0,18.955253260777145
3.268661474133062,4.616915478061368,-14.0,19.82726255010296
1.5579884296376372,2.9304964524253116,-14.0,18.123758472372245
3.5604921853957245,2.691662894365146,-14.0,19.059081658043258
1.1783491311906265,6.255819290793517,-14.0,20.38979101050169
1.1783491311906267,1.2441807092064834,-14.0,17.702634627971133
3.809924248182341,6.268465841114315,-14.0,21.88246479332837
3.8216508688093738,1.244180709206482,-14.0,18.995662566070838
2.5000000000000004,1.443375672974064,-5.0,129.73857079664148
2.4476264334453126,6.100413727510206,-5.0,129.44343276034283
1.4034339267291014,4.84417887570054,-5.0,130.98326840388333
3.268661474133062,4.616915478061368,-5.0,129.91554342482954
1.5579884296376372,2.9304964524253116,-5.0,130.39527758880413
3.5604921853957245,2.691662894365146,-5.0,129.57652197468818
1.1783491311906265,6.255819290793517,-5.0,129.88074430833112
1.1783491311906267,1.2441807092064834,-5.0,130.15831332850516
3.809924248182341,6.268465841114315,-5.0,129.02766814991827
3.8216508688093738,1.244180709206482,-5.0,128.97241350204024
0.0,1.7148284365859052,-17.0,8.24630521401711
0.0,4.673974028588915,-15.555034291607488,13.437187466508
0.0,4.673974028588914,-18.444965708392512,4.3160031300582045
0.0,2.8125,-15.548077367904177,12.778160514965947
0.0,2.8125,-18.451922632095823,3.9902237652599917
0.0,5.890147263602507,-17.0,9.685007453130043
0.0,3.7111400817162408,-17.0,8.463353535781089
0.0,6.15071169010352,-18.61394845947205,4.230447674683452
0.0,1.2804656873171811,-18.690384526419166,3.3121884440036093
0.0,1.2804656873171811,-15.309615473580834,13.359415372690862
0.0,6.15071169010352,-15.386051540527948,15.434438587043037
5.0,1.7148284365859052,-17.0,10.406521126946497
5.0,4.673974028588915,-15.555034291607488,16.273000994529507
5.0,4.673974028588914,-18.444965708392512,6.038282325035027
5.0,2.8125,-15.548077367904177,15.412236713141942
5.0,2.8125,-18.451922632095823,5.400658354843693
5.0,5.890147263602507,-17.0,11.957051327460142
5.0,3.7111400817162408,-17.0,10.563286677557757
5.0,6.15071169010352,-18.61394845947205,5.627195756402911
5.0,1.2804656873171811,-18.690384526419166,4.604441375509323
5.0,1.2804656873171811,-15.309615473580834,16.050061010755645
5.0,6.15071169010352,-15.386051540527948,18.414950986633354
2.5,0.0,-18.556624327025936,3.801144973173281
2.5,0.0,-15.443375672974064,13.465927915267809
1.5346158590977894,0.0,-17.0,8.256246782240634
3.46276461254404,0.0,-17.0,9.126269409864214
3.8523682143552467,0.0,-15.261915376926183,15.047227544616126
1.1476317856447538,0.0,-15.261915376926183,13.682523834961021
1.147631785644753,0.0,-18.738084623073817,3.284159920430677
3.8523682143552462,0.0,-18.738084623073817,3.743866965180782
2.5,7.5,-18.556624327025936,5.966096002579988
2.5,7.5,-15.443375672974064,18.058377009585318
1.5346158590977894,7.5,-17.0,11.819955067378501
3.46276461254404,7.5,-17.0,12.644366889459226
3.8523682143552467,7.5,-15.261915376926183,19.696790277184647
1.1476317856447538,7.5,-15.261915376926183,18.065575646129737
1.147631785644753,7.5,-18.738084623073817,5.124920567011641
3.8523682143552462,7.5,-18.738084623073817,5.8070150467108865
2.5000000000000004,1.443375672974064,-20.0,-0.0
2.4476264334453126,6.100413727510206,-20.0,-0.0
1.4034339267291014,4.84417887570054,-20.0,-0.0
3.268661474133062,4.616915478061368,-20.0,-0.0
1.5579884296376372,2.9304964524253116,-20.0,-0.0
3.5604921853957245,2.691662894365146,-20.0,-0.0
1.1783491311906265,6.255819290793517,-20.0,-0.0
1.1783491311906267,1.2441807092064834,-20.0,-0.0
3.809924248182341,6.268465841114315,-20.0,-0.0
3.8216508688093738,1.244180709206482,-20.0,-0.0
1.0,1.3405714529447783,-0.7330895859933991,174.7143407073052
1.0,0.8469722984993924,-1.0214662883600072,172.81548494692336
1.0,0.16592284140623398,-0.7228028142645682,173.95201056196942
1.0,0.45553021736569166,-1.03173272819065,172.59658990175225
1.0,0.7457805642448596,-0.43725175459112187,175.19390373563817
1.0,1.199057974437556,-1.0190853998555234,172.94008602395718
1.0,1.3293034094562295,-0.2647318710734521,176.31102780281202
1.0,0.16588716694821848,-0.3421628208261269,175.13063487474838
1.0,0.20873832708631782,-0.1608089919293476,175.47693325124075
1.0,0.1524566691047961,-0.9138650929000409,173.06377845570785
1.0,0.3459789540426735,-0.8493572879751063,173.4608534401372
1.0,0.33832983801309835,-0.629772342060662,174.29806595323578
1.0,0.5060974148408255,-0.7223586497753676,174.05408482997316
1.0,0.519049385636697,-0.524328075708242,174.806877379274
1.0,0.6801958072815226,-0.6239837739236718,174.53413495431923
1.0,0.8755036865689665,-0.5790692326968938,174.8354894546044
1.0,0.9314844159453172,-0.4373819416495903,175.3626595105985
1.0,1.0750036668177587,-0.5544603278729857,175.1303574948101
1.0,1.0009320370908803,-0.7278150024813368,174.35777772551313
1.0,0.6964150290027433,-0.8372675718722831,173.66863141914936
1.0,0.16822637460931605,-0.5316796609974175,174.61203462854456
1.0,1.295680866008535,-0.523047400470129,175.5436773541161
1.0,0.6396501268764706,-1.029180535059518,172.66061602904674
1.0,1.0291718134837629,-1.0657369089529924,172.67149661717798
1.0,1.0753204571439043,-0.33756619519601583,175.86128032299635
1.0,0.34368236351309306,-0.42755980203013344,174.96666565425093
1.0,0.27825977261331203,-1.0459117408549268,172.40731037556455
1.0,1.3464076768889592,-0.9124113406171068,173.70630695883975
1.0,1.1821295985876787,-0.8269131347704335,173.9991893792472
1.0,0.8657455485435457,-0.8484864070515363,173.71610293834067
1.0,0.5642779957832977,-0.3135193249795948,175.42026048270193
1.0,0.8114504803246896,-0.25011792906884023,175.70432229927823
1.0,0.3778044684833708,-0.21608543638143562,175.44612531169048
1.0,0.527069204529971,-0.8870538180608907,173.29636335007706
1.0,1.1842037553815632,-0.6712716117511645,174.77378254118872
1.0,0.13586908541938886,-1.0633315283065528,172.36205154769092
1.0,1.3632387435718805,-1.0624527972673763,172.60946671435147
1.0,0.7991300021546398,-0.7164589927936342,174.27328727329353
1.0,1.032991908104299,-0.8959727323900204,173.57414923748928
0.8223594075432595,1.5,-0.5264622866500527,175.51676608308904
0.13132171432476783,1.5,-0.7186802512398585,174.10472297391934
0.4973930051715191,1.5,-1.0287827494854618,172.7420674877005
0.856566297556522,1.5,-0.9115496377106436,173.626974265697
0.1654571962546009,1.5,-0.264359935042634,175.55039584745597
0.3003669578042022,1.5,-1.0418748058644414,172.57246760023344
0.3971307915720925,1.5,-0.8711915393471052,173.52094693092573
0.5844991591310146,1.5,-0.8546722633970154,173.74387722157024
0.4975260960403509,1.5,-0.688905718998376,174.4785473429662
0.6814446391364128,1.5,-0.6882396893478944,174.58495040350448
0.593116013253936,1.5,-0.5147701156777599,175.19578764395465
0.7159623922299921,1.5,-0.3801670107771552,175.84423707658465
0.40073378616308697,1.5,-0.5255130319343878,175.01916375841168
0.5552079143537407,1.5,-0.327092614845678,175.68001765953832
0.17960766035066916,1.5,-0.527315095677277,174.9025273744275
0.7041875057867747,1.5,-1.0111358748627453,172.95161522537228
0.17898114612338303,1.5,-0.8942958456259289,173.3433244488638
0.854153715248763,1.5,-0.7283728004462593,174.6731269606578
0.30709100827153285,1.5,-0.7042586359991487,174.2377128044225
0.3602013114244193,1.5,-0.3288561354999954,175.504516493354
0.8754839427137455,1.5,-0.34610780762215365,176.12487644630158
0.7744423748829128,1.5,-0.2165273559473606,176.31782230808295
0.1440065219629469,1.5,-1.0585829519101246,172.48559015332057
0.864190439382173,1.5,-1.0638804462567357,172.6255264477815
0.7347582006009508,1.5,-0.8335806563537904,173.94235003349561
0.1752299417181872,0.6605065551349465,-1.2,171.75603000233804
0.48500203300308836,1.3222878316128233,-1.2,171.74690103040155
0.8413619292167622,0.4665277914656872,-1.2,171.7562682295165
0.8448356022164721,0.8321849392724335,-1.2,171.7532973769765
0.5028841983066843,0.1709039779139057,-1.2,171.75818254542446
0.17341072874928726,1.0182972753469117,-1.2,171.752078750332
0.14385114958431872,0.28467593774045397,-1.2,171.75822967286288
0.8376202367904177,1.21875,-1.2,171.7478899312446
0.7052629262261931,0.18787150663442778,-1.2,171.7577024974028
0.5875917669823947,0.35087302610055926,-1.2,171.7575276456733
0.4143146417217965,0.34695477639659283,-1.2,171.75785547947385
0.49936002636778776,0.5119844034303986,-1.2,171.75670401111753
0.31843284619329626,0.5061246176426422,-1.2,171.7569842418023
0.4089244312132623,0.6731057971211812,-1.2,171.75564223827763
0.5800744800108322,0.6931535391891657,-1.2,171.7552216590124
0.48847330400809663,0.8443634430274036,-1.2,171.75388737169536
0.291769717038195,0.839553695441406,-1.2,171.75416532175217
0.38297275050178026,1.008849755256268,-1.2,171.7520086525952
0.5516880499574015,1.0384853791086857,-1.2,171.751371346101
0.3048522214967494,1.178482386621059,-1.2,171.74950424762045
0.8472878499242059,0.6454482838476518,-1.2,171.75498021425196
0.8423712832462421,1.0189858168412365,-1.2,171.7511420055795
0.29536153821336386,0.18755852811619061,-1.2,171.75847451450954
0.6916131875649065,1.3292953250356343,-1.2,171.74630967668818
0.8565772557893454,0.28852732734167197,-1.2,171.75692954378135
0.14918230367495883,0.4630063433679496,-1.2,171.75749145947557
0.6837766735463575,0.5346324278293403,-1.2,171.75628164475722
0.6732251711507382,0.8876113800602361,-1.2,171.75307465434872
0.2884540523137842,1.3510265092484042,-1.2,171.7465833484761
0.4702808611480964,1.1554384824585524,-1.2,171.74964173898456
0.1439584185091099,1.2220785210287781,-1.2,171.74885373097922
0.7015045662840117,1.1250000000000002,-1.2,171.7499491105848
0.12626180192968173,0.8419082179890378,-1.2,171.7542281333216
0.8634113274236399,0.13626030527625183,-1.2,171.75732973672018
0.13311402318888757,0.1334074341435668,-1.2,171.7587224481364
0.8613948459472051,1.365071169010352,-1.2,171.74536302814855
0.13741821617306918,1.3663372360820596,-1.2,171.74636799223904
0.7241134334735212,0.7363761441272522,-1.2,171.75456079883097
0.2642284958775469,0.35766404065276586,-1.2,171.75790626391372
0.5966295236158731,1.221780632134905,-1.2,171.74855768711924
0.7347421768712843,0.3707421986628588,-1.2,171.75708543710584
0.0,0.287825512310263,-0.9539878941359485,171.75870493539256
0.0,0.65625,-0.9623797632095822,171.75643604858692
0.0,1.03125,-0.9623797632095822,171.75216547870338
0.0,0.46875000000000006,-1.0376202367904177,171.7577147487964
0.0,0.84375,-1.0376202367904177,171.75444555521955
0.0,1.2121744876897367,-1.0460121058640512,171.74925424620048
0.0,1.373469888702908,-1.0676035440518756,171.74643274597113
0.0,0.12653011129709213,-0.9323964559481241,171.75912205844844
0.0,0.2842945614246115,-1.096763576087808,171.75852666963044
0.0,0.65625,-1.099683808339979,171.7562184648725
0.0,1.03125,-1.099683808339979,171.75201945722475
0.0,0.46875000000000006,-0.9003161916600209,171.757869474216
0.0,0.84375,-0.9003161916600209,171.75459513862566
0.0,1.2157054385753885,-0.9032364239121918,171.7493001181995
0.0,1.371807867253444,-0.9270313620203923,171.74655806691086
0.0,0.12819213274655578,-1.0729686379796077,171.75898398358117
1.0,0.287825512310263,-0.9539878941359485,171.75668450192566
1.0,0.65625,-0.9623797632095822,171.75470159968478
1.0,1.03125,-0.9623797632095822,171.75065258569003
1.0,0.46875000000000006,-1.0376202367904177,171.75580513186145
1.0,0.84375,-1.0376202367904177,171.75281919583475
1.0,1.2121744876897367,-1.0460121058640512,171.7478556602551
1.0,1.373469888702908,-1.0676035440518756,171.74495011402692
1.0,0.12653011129709213,-0.9323964559481241,171.75698683341324
1.0,0.2842945614246115,-1.096763576087808,171.75641443415793
1.0,0.65625,-1.099683808339979,171.75451391454231
1.0,1.03125,-1.099683808339979,171.75045235473027
1.0,0.46875000000000006,-0.9003161916600209,171.75594689568146
1.0,0.84375,-0.9003161916600209,171.752988984074
1.0,1.2157054385753885,-0.9032364239121918,171.74778147653208
1.0,1.371807867253444,-0.9270313620203923,171.74490793270837
1.0,0.12819213274655578,-1.0729686379796077,171.75681837353514
0.7000000000000001,0.0,-1.0267949192431123,171.7582318912352
0.30000000000000004,0.0,-1.0267949192431123,171.75900501556993
0.5,0.0,-0.9945340239045168,171.75869361543636
0.13149033323180492,0.0,-0.946736456632663,171.75924691317763
0.868509666768195,0.0,-0.9467364566326628,171.75768628300457
0.11596242674472199,0.0,-1.0844035870386293,171.7590665466329
0.8840375732552777,0.0,-1.084403587038629,171.75747865129304
0.5,1.5,-1.009105469642722,171.74364146376502
0.30000000000000004,1.5,-0.9795365074011968,171.74388663407086
0.7000000000000001,1.5,-0.9732050807568876,171.74329765936395
0.868509666768195,1.5,-1.053263543367337,171.7425429864326
0.1311918850380389,1.5,-1.0546421553261218,171.74393726890406
0.11860368830541515,1.5,-0.9189084615390151,171.74409129273334
0.8840375732552777,1.5,-0.9155964129613707,171.74262685066074
0.1752299417181872,0.6605065551349465,-0.7999999999999999,171.7564442226476
0.48500203300308836,1.3222878316128233,-0.7999999999999999,171.7470869789012
0.8413619292167622,0.4665277914656872,-0.7999999999999999,171.75662042214876
0.8448356022164721,0.8321849392724335,-0.7999999999999999,171.75365284609208
0.5028841983066843,0.1709039779139057,-0.7999999999999999,171.75864206964002
0.17341072874928726,1.0182972753469117,-0.7999999999999999,171.75245317449608
0.14385114958431872,0.28467593774045397,-0.7999999999999999,171.75873416312484
0.8376202367904177,1.21875,-0.7999999999999999,171.74822211595333
0.7052629262261931,0.18787150663442778,-0.7999999999999999,171.75817877209846
0.5875917669823947,0.35087302610055926,-0.7999999999999999,171.75796903114596
0.4143146417217965,0.34695477639659283,-0.7999999999999999,171.75829650978878
0.49936002636778776,0.5119844034303986,-0.7999999999999999,171.7572224701644
0.31843284619329626,0.5061246176426422,-0.7999999999999999,171.75746316540457
0.4089244312132623,0.6731057971211812,-0.7999999999999999,171.75609679895462
0.5800744800108322,0.6931535391891657,-0.7999999999999999,171.75568519727295
0.48847330400809663,0.8443634430274036,-0.7999999999999999,171.75436446976957
0.291769717038195,0.839553695441406,-0.7999999999999999,171.75456760848314
0.38297275050178026,1.008849755256268,-0.7999999999999999,171.75239044252706
0.5516880499574015,1.0384853791086857,-0.7999999999999999,171.75175004570718
0.3048522214967494,1.178482386621059,-0.7999999999999999,171.7497880776561
0.8472878499242059,0.6454482838476518,-0.7999999999999999,171.75540208433856
0.8423712832462421,1.0189858168412365,-0.7999999999999999,171.7513950142414
0.29536153821336386,0.18755852811619061,-0.7999999999999999,171.75898457214143
0.6916131875649065,1.3292953250356343,-0.7999999999999999,171.7465883313779
0.8565772557893454,0.28852732734167197,-0.7999999999999999,171.75725823803722
0.14918230367495883,0.4630063433679496,-0.7999999999999999,171.757940574549
0.6837766735463575,0.5346324278293403,-0.7999999999999999,171.75672577166526
0.6732251711507382,0.8876113800602361,-0.7999999999999999,171.75350522480807
0.2884540523137842,1.3510265092484042,-0.7999999999999999,171.74678862869484
0.4702808611480964,1.1554384824585524,-0.7999999999999999,171.74996625513705
0.1439584185091099,1.2220785210287781,-0.7999999999999999,171.74916899516708
0.7015045662840117,1.1250000000000002,-0.7999999999999999,171.75022536713527
0.12626180192968173,0.8419082179890378,-0.7999999999999999,171.75462608812703
0.8634113274236399,0.13626030527625183,-0.7999999999999999,171.75764452097462
0.13311402318888757,0.1334074341435668,-0.7999999999999999,171.7591916616643
0.8613948459472051,1.365071169010352,-0.7999999999999999,171.74549788568734
0.13741821617306918,1.3663372360820596,-0.7999999999999999,171.74664139017398
0.7241134334735212,0.7363761441272522,-0.7999999999999999,171.75495672502674
0.2642284958775469,0.35766404065276586,-0.7999999999999999,171.75838136078755
0.5966295236158731,1.221780632134905,-0.7999999999999999,171.7487413782542
0.7347421768712843,0.3707421986628588,-0.7999999999999999,171.75748282685174
0.0,0.482954415548461,-2.927333368525438,159.0195861864329
0.0,0.8217194773926483,-1.3728561475372096,171.2619683056485
0.0,0.22674973353566,-2.110046377063761,166.75609877318732
0.0,3.4062488437118223,-0.80736041387678,176.30444662676757
0.0,1.2168002673609843,-1.3652956884105096,171.24643944242337
0.0,0.47504925414213545,-1.3815348351035843,171.21895677946023
0.0,1.666693309782387,-0.7239054090311416,174.76606695489804
0.0,0.15915485125665219,-1.642117338086142,169.94266531471396
0.0,2.838348323035107,-3.5555385959768717,152.17152230853048
0.0,6.056624327025936,-2.5,163.32762872786557
0.0,2.509871020990503,-0.7737219002544675,176.10758176007803
0.0,2.762080445651991,-1.4646670761382339,172.68699665089366
0.0,3.641362820522423,-1.8176957638598354,169.97892145680234
0.0,1.6682167445243807,-0.3786628373551162,175.72449741911717
0.0,2.19678484064306,-1.178329709016713,173.85641346401235
0.0,2.203235103173271,-2.0010016004374056,168.22637810621296
0.0,1.663621541965811,-1.1048161174016364,173.3041057570899
0.0,1.6326546954946912,-1.3196563957155876,171.5816687017848
0.0,4.571541640467561,-3.5407431072105995,152.5923449148524
0.0,1.3784483029496677,-3.852048737051435,147.90777550289587
0.0,4.481732888223204,-1.0740632486370059,174.36383163185195
0.0,0.3195747183981827,-2.4615652544336157,163.7931112638759
0.0,0.5694592074040823,-2.227496988796762,165.76660130509256
0.0,0.4786260338565508,-1.8870533363762911,168.37699075260917
0.0,0.8238203578765005,-1.9983918519450343,167.53979632183623
0.0,0.9393963183906627,-2.359977856918252,164.61772710163044
0.0,1.2286126576861898,-2.0421890895048818,167.2762270738657
0.0,1.357684091420521,-2.5409623040908595,163.1554650731841
0.0,0.7441055394504454,-1.6736288596219078,169.74682835557982
0.0,0.5513479859492008,-3.6015255913780395,151.14881724827416
0.0,0.16798261856692442,-1.8482183376727797,168.6634766416309
0.0,0.49335788010892584,-1.6164403921874353,170.1036162160611
0.0,0.6499030825302005,-1.4795426151468085,170.74492007039436
0.0,0.31342010643015433,-1.5234151366298252,170.60174855025147
0.0,1.093169716211758,-3.115603983290789,157.1188043454795
0.0,1.6648633207220374,-0.9144483522049018,174.1141290745517
0.0,1.8483571953114322,-0.8237104634931605,175.0325975628782
0.0,1.425441777648901,-1.3530816723711694,171.2182673245197
0.0,1.5492324068277699,-1.507135406299934,170.5990265391477
0.0,1.3407971616197811,-1.5302255429291143,170.459486854616
0.0,1.7807954691114214,-1.4672985989107756,171.15603547823918
0.0,1.132183782883513,-1.5474374019291002,170.4467510525168
0.0,1.46772872404046,-1.7813255303656326,169.03372758198992
0.0,1.8125669417385712,-1.7528973132921202,169.4675605729881
0.0,1.03125,-1.3623797632095815,171.31315807619384
0.0,4.70284532553523,-2.161557861719249,166.6065460882288
0.0,1.6675574090922596,-0.5393457283071204,175.339521381432
0.0,1.8714960530460758,-0.4759494873414223,176.0886834978859
0.0,1.6683977471842093,-2.1530049747240727,166.56781715508393
0.0,1.9405589650462431,-2.799654010653536,160.9669140139163
0.0,1.880937907671905,-1.2838405887397335,172.69263396061461
0.0,1.8803562319622544,-1.0656464200799318,174.06916169616136
0.0,2.0904670086396213,-0.9076159852781283,175.09953351902465
0.0,2.0600533052241996,-0.6639657295727996,176.01208833530364
0.0,1.8228314544912707,-0.645375363549129,175.5136094224272
0.0,0.1454647458599169,-1.4679990349491705,170.78552651502596
0.0,2.208785217792752,-0.3743611526498061,177.05023171319775
0.0,0.2741005462135854,-1.347202097315015,171.34078554168542
0.0,5.973298786242394,-1.2337146295038206,172.61241761235982
0.0,1.0098446651380695,-1.764699125029312,169.18323115261535
0.0,1.2358333982736027,-1.7331753379516086,169.36713733333434
0.0,0.9214561206805025,-1.5421047144953675,170.50778613828123
0.0,2.811973116269102,-2.452471760832726,164.44428542998068
0.0,0.3225082980438415,-1.703448908190495,169.5840187392885
0.0,3.7132142451658847,-2.705601417919856,162.21105390922915
0.0,1.828531377467935,-0.24019212632392062,176.43846565880975
0.0,0.6638327579906051,-2.543648953701104,162.99321780928048
0.0,0.655100573410297,-1.324816333156563,171.406192504536
0.0,6.255819290793519,-3.821650868809374,147.39229291208432
0.0,0.13101048176191088,-1.3284358035591182,171.37447256751668
0.0,0.7842960550134491,-1.5170330842003237,170.57902760304518
0.0,2.122177100458727,-1.551762832777098,171.34989015171385
0.0,0.9565690943446801,-2.7192355822160623,161.24388056040206
0.41749735155058204,0.0,-2.947403607504857,158.81620606482022
0.24185189393780204,0.0,-2.091582308599034,166.87355111311615
1.167649161771747,0.0,-1.103862906184252,173.08584751527098
2.8461353913154217,0.0,-0.77460266016472,175.76303404321376
1.163806264913772,0.0,-0.7232424418059988,174.4664735249704
0.7012178288869545,0.0,-1.3731987108778787,171.27166312969953
0.17302800203409707,0.0,-1.6462622415666686,169.91848349155086
2.5225628559933537,0.0,-3.910797111813676,146.69189849950106
1.9832372115693735,0.0,-0.5985533088703514,176.23522514097505
2.334429853502462,0.0,-1.3191097757784753,173.03409365362637
3.1053168814857557,0.0,-1.743717812326521,170.14115440385424
0.2968519284159342,0.0,-1.3533573010694866,171.34538574150565
1.1790988910605413,0.0,-0.2760129893947125,175.65827231152508
1.7493566950263704,0.0,-1.1771079028123275,173.56295306407014
1.1844527325635514,0.0,-1.2910042340061798,171.8896062168933
1.8957805848644775,0.0,-1.7535446028663575,169.95390589815676
0.2783550061443919,0.0,-2.4354985941045584,164.02632682830588
0.557335447188412,0.0,-2.235336575898436,165.68337892395442
0.4907769604884208,0.0,-1.887026981291954,168.4052453319898
0.8348058717035222,0.0,-2.03490157422808,167.31704042004768
0.9484619978552323,0.0,-2.4692747796378494,163.7389284298845
1.3191237826226785,0.0,-3.8308006600774798,148.00938287476077
0.5508755995403148,0.0,-3.574587152134871,151.12116671022883
1.3616920617351878,0.0,-2.027473970599697,167.49357802219126
1.4541714063610536,0.0,-2.6240748302251036,162.2599966793087
0.20637142281837134,0.0,-1.8429637352665145,168.64668422065526
0.905965483487593,0.0,-1.3860909939712571,171.1583447060628
1.074029553315587,0.0,-1.5321792455194387,170.53345045637778
0.783460920112995,0.0,-1.5422409112708282,170.48810095961335
0.5589539817482101,0.0,-1.6043279445444223,170.18278554207666
1.3426254810660885,0.0,-1.1979156535220432,172.89505624067186
1.3392736802795981,0.0,-1.3995737230821934,171.6512890306295
1.3342145158463103,0.0,-1.004095333604313,173.91451137678754
0.4922357112559991,0.0,-1.3798922332803532,171.19290403735283
0.3519826686789166,0.0,-1.5362666218884233,170.53175545698892
1.1648633207220367,0.0,-0.9144483522049018,173.8147286533457
0.15914408044516284,0.0,-1.4663599643417315,170.8321505022771
3.889667899792168,0.0,-1.1032972564845345,172.56109247927216
0.3562226071536032,0.0,-1.7033695049115969,169.5695222631614
1.2591723255708458,0.0,-1.623802196920476,170.20500922383022
0.707333209765932,0.0,-4.276697210658817,141.61406245270334
1.039903893498747,0.0,-1.7923871848488848,169.07171469639292
1.299158608073636,0.0,-0.8322275664393715,174.4394530926948
1.5404486130166435,0.0,-0.8290369394831991,174.9412766056925
1.5736396641013561,0.0,-0.473298992900399,176.0051414762977
1.497098909335649,0.0,-1.1013999742769753,173.66809975147194
1.4898631336557695,0.0,-1.2778079224871246,172.6595274008506
1.5158564135220414,0.0,-1.543218386461363,171.0319066654556
1.3445786215554105,0.0,-0.6382597058908317,175.17538981623034
1.1662065177459673,0.0,-0.5309623851009393,175.0543279572302
1.3695396923198935,0.0,-0.3837068146573772,175.86814207037085
0.777642192275284,0.0,-1.749125054799613,169.29244777483427
1.0350203298557736,0.0,-3.0195442027486967,157.98605273468
4.024828633002197,0.0,-2.4999999999999996,163.20512124358828
3.7794241334529968,0.0,-3.7744159132254502,147.70237641738322
2.4956057366274256,0.0,-2.0105607211310152,167.87035693341252
2.8394844180694188,0.0,-2.772403715434877,160.8411309275598
1.97651103692277,0.0,-2.3803912363850044,164.67162405355728
0.6063630528389138,0.0,-2.61017064861218,162.47087171205968
0.13300188354202921,0.0,-1.3262755516274707,171.38109725239482
0.9162004085380412,0.0,-1.6004046780820045,170.16539396523848
1.857812304970841,0.0,-3.0896686261141397,157.4025767780508
1.1909706563203775,0.0,-1.4524801165481867,171.03145574228674
1.062636511801996,0.0,-1.370104375391552,171.25617246366906
0.9609123002809847,3.3252594918166425,0.0,178.34778802403093
2.816096425122407,0.8073182535707111,0.0,178.10528294294835
2.53952335212527,6.06871089807313,0.0,176.42615800628778
1.4892809393094502,1.1895043771652531,0.0,177.3296449021776
1.4359767464468487,1.8171130992681497,0.0,177.8120429147266
0.7669163297998246,1.9329574503423381,0.0,177.45106614127513
3.236096315504698,3.0076089845794995,0.0,179.57617492700518
1.8653189723355594,0.6414308802338573,0.0,177.276396056178
3.45348710374886,4.635881869357732,0.0,178.45183284268526
2.1181441488520028,1.4310111890964916,0.0,177.96681635068808
2.136831615935252,2.271647267042022,0.0,178.65353193485987
1.09611634486214,4.578828153128794,0.0,178.90479008245347
2.1072237184603013,3.9225706583453523,0.0,178.0955881389215
1.26260837639972,2.4856614306657274,0.0,178.10263270992505
3.2141113669441506,1.7198160312561106,0.0,178.26322611432258
1.3801171698260974,0.7327484956529708,0.0,176.66331905554298
3.977499696250546,0.9263104932479405,0.0,176.17478530100382
0.5400728344134214,2.4237101822346516,0.0,178.02773990192037
2.091774987401507,4.9871228739720745,0.0,178.15969045969092
1.232346891842597,6.038875350307331,0.0,176.85394395741432
3.8216508688093755,6.25581929079352,0.0,175.12070639949798
1.7956766783400944,3.066178491188701,0.0,178.3830968931851
0.361397832842649,1.8900363872794688,0.0,177.06742580469316
1.36592218185957,0.3748358751773656,0.0,176.50479919629856
2.5,7.5,-3.5240414685174146,150.65955002381983
2.5,7.5,-1.474746876424108,168.92786549523677
1.2371995914194756,7.5,-2.499798057490254,160.31941102380136
3.7628004085805244,7.5,-2.499798057490254,159.93276647321383
3.7884012257415716,7.5,-3.7884012257415725,145.70743143093253
1.2115987742584264,7.5,-1.211598774258427,169.84965500894856
1.2115987742584275,7.5,-3.7884012257415725,147.3513247202525
3.788401225741572,7.5,-1.211598774258428,168.84187013051843
5.0,6.100413727510206,-2.552373566554687,158.44599847119116
5.0,1.443375672974064,-2.499999999999999,161.21035578884664
5.0,4.84417887570054,-3.596566073270899,149.01079011698775
5.0,4.616915478061367,-1.7313385258669385,167.61869976487444
5.0,2.9304964524253108,-3.4420115703623626,151.48969388078885
5.0,2.6916628943651455,-1.439507814604276,169.69032896372883
5.0,6.255819290793518,-3.8216508688093738,145.25512016887473
5.0,6.268465841114313,-1.190075751817659,168.6619903441857
5.0,1.2441807092064816,-1.1783491311906267,169.7564394550318
5.0,1.2441807092064834,-3.821650868809373,146.4264038068152
0.9485875404945789,1.03125,-2.166557996120885,166.46102381237543
0.9592812377476339,2.504912696578224,-1.1048161174016349,175.0658039308871
2.845283613037805,2.179752293615901,-2.226122118199872,167.16404023520448
1.9989672693771523,0.9537410614717745,-0.9791144701604589,175.1827087809754
0.5883406528422008,1.324817341077305,-1.7885995594868214,169.1728758374818
1.5522380385578458,0.546986806423263,-0.9869287197562429,174.5075650994664
0.8966383153842501,0.5542553953574,-1.7573829036789226,169.35835415636126
1.5667444755333233,0.84375,-1.660667816382054,170.5330187732326
1.5083147685820273,1.03125,-1.1655831178001943,173.5878989045336
1.9249389831309107,1.9987489781715517,-1.1048161174016349,174.92655589699694
1.605571861796046,1.4484450793913917,-0.7240805870081741,175.9930297569954
0.5896942256538702,2.086003336800603,-0.74624712015551,175.93040324079954
1.4629527684958488,0.9021869623313299,-0.6838248054361622,175.61490063477515
1.377794506089956,2.0879229307090013,-2.103530159286117,167.77999206710675
1.4124516255175585,1.40625,-1.6054135663932958,170.86130679558266
0.9485875404945789,1.03125,-1.668040395941244,169.8641792889348
0.7,2.025525625674123,-1.6788757985052865,170.46121688606337
0.95983629426144,1.9249324108898151,-0.9144483522049045,175.1975436836259
1.2868073441190997,2.0041749068127253,-1.4481540664026582,172.44775397207545
0.4448580837941832,0.4356429053577884,-1.63926316234455,170.0371833578311
0.390481208437528,0.8272480529922325,-1.5862925505049756,170.33031497397812
0.5117488780613709,0.7092336917010706,-2.0912795935408113,167.01790293715194
1.382053338334304,1.40625,-1.1564508095363344,173.63897209987286
1.324837230692675,1.7344067366532083,-0.9144483522049045,175.20909929986047
1.1742136124729206,1.8907378793717262,-0.5337128218114436,176.65307000604759
0.9562858162292536,1.40625,-1.572880296600722,170.46684617291703
0.8088187234636812,1.8679419273964541,-0.4244724729342252,176.65007532584482
0.5,1.9233166129004353,-1.1435741923266276,173.77365256622502
1.264041491174405,1.03125,-1.4564586708247296,171.35580172173096
1.372996272198821,0.65625,-1.3371603314265184,172.2868640223459
1.183906228604253,0.3823916800175755,-1.5488262301464568,170.5462246052846
1.9521388886069333,3.9890855776048415,-1.9825374109689347,170.2133940922868
1.4294706473415408,0.429711138886752,-0.5788009907419174,175.6053381234699
1.35395388966622,1.1811809443824124,-0.8796483523327384,174.84223673427766
0.9,1.8878811795129478,-1.3295017741544404,172.60962420472754
0.7,1.6504883398288874,-1.510726744646669,170.78139492574923
1.3244152803426412,0.30993365409612755,-1.2276434837930523,172.7174192846329
0.6267528107101494,1.081471675562663,-1.5393714356599661,170.5890112992116
0.7796047427772457,0.7904166151843116,-1.5200771365857675,170.59808269537302
0.8667259184460429,1.6749124464586291,-1.9585650325002433,168.28353598488863
1.1072843756066764,0.7454393003692033,-1.5129175968181638,170.75366460550413
0.6680232404141779,1.8017308299317112,-0.903930277524203,174.86560261426013
1.8408257452812968,1.3054998632503483,-2.4897938110047937,164.19711570477796
0.8981613780143328,0.38173243091862746,-1.4765185726589558,170.80612396737834
0.9308103716008188,2.150260368666393,-0.6256108338737725,176.6713188787965
1.3272598825163606,2.1839373765365564,-0.8458114895956993,176.00846883454216
1.6518342865610496,1.915757647542795,-0.6072905023045474,176.8853772860231
1.1160143286189719,1.779242181002288,-1.1374518668707445,173.93037808242815
1.129706151040705,1.6750788946070225,-1.4600123947388608,171.41460909005897
0.362694605934207,1.7683884425420298,-1.4426608378678576,171.33339943866415
1.4612411876782252,1.7495022204727122,-1.252924416437985,173.55599114521047
1.9445439841862306,1.418124487673305,-1.3438762763004903,173.27790117063503
0.3343624240683042,1.8313186730957116,-0.864546119882267,174.92732594018293
1.3285444442727783,1.1846121802161407,-0.53362497646692,176.03160849550056
0.33720820794307377,1.2686087021740455,-1.5312884185598148,170.5956146512869
1.1031916386069431,2.139060461732655,-1.1677237486472358,174.26050764953004
1.3134857721786797,0.8757515931768771,-0.9652833139928103,174.2491916994674
0.5001007828510876,1.8129756394401717,-0.5770147223398453,175.86860856776335
1.2954356385171224,0.6496286891719324,-0.7528022847479683,174.9121250453662
1.3408485068041038,0.7201541308246817,-0.42104814519342887,175.99333252979454
0.6099186127067278,1.370641370327512,-1.4809487701010413,170.8254433276126
1.3220775763043253,0.35105699625673625,-0.8730848743774462,174.4799930435985
0.4604120794238158,1.7228996230602256,-1.8515351084236509,168.88131140732682
1.2630807733850729,1.4465891816861922,-0.9043986120499683,174.7999257698514
1.814371015699746,1.1254400553492308,-0.38837820244304894,177.07425608107243
0.6073733114087498,0.6773679786900846,-1.7575372687425603,169.32044047030342
1.5835750179966657,0.3939550892093225,-1.5533720085849494,171.1414095157614
0.2787342582566026,0.27241714224417374,-1.472859723586025,170.87321369357502
1.2851016247198135,0.6259553963850802,-1.8604363181743175,168.87727848795043
0.6707145930226293,0.998410147891948,-1.8736232874351515,168.55709536359092
1.2028907514986145,1.40625,-1.3832175852417972,171.73558328144702
1.6212244923869155,0.8460633157532861,-0.9442603563702034,174.83157747112358
1.8196310550335253,0.6928372830805991,-1.3162994073888745,173.0359300256537
1.3087587106783227,1.0980910031083817,-1.8640800483790967,168.91347502172752
0.26562208132549076,1.765984256914158,-1.1307367620188935,173.50022546654515
1.886359868179297,0.6513191337098223,-0.5568077773543996,176.38661718096984
0.6597009040850625,0.5357346298419587,-1.4829136157043632,170.80891017225352
1.3240643384390671,1.5946216172823657,-0.6063250864798013,176.20848124607969
1.2897368716003947,1.4296114572527978,-0.342162820826127,176.72593419107162
1.7886119455353466,2.912886082312871,-1.6017217177742986,172.80884026555572
1.2623504636689664,0.5600134709292282,-1.0960449157285248,173.4425695981567
0.6391365819279813,0.3503549291960457,-1.9644274470950451,167.98592660119644
0.6800280132890801,0.7093479318891975,-2.7995834089162237,160.75320371236327
1.639693332933513,1.2803520136781907,-1.0013350243867278,174.81449093309394
1.0999328301087976,1.748433934087798,-0.7569258328564117,175.63342447734368
0.27904227310298957,0.5927087070098712,-1.4687093676109595,170.87102646387234
0.7479538510056831,2.1910774405286633,-1.0670899683873811,174.76721852576048
1.2658877796933723,1.1578427101233513,-1.138894436233154,173.38956889255863
1.2629781616248341,0.880209542233471,-1.231478152597927,172.64627297443457
1.5839593968509893,0.6383034692430035,-0.7117687836000113,175.5426994320667
0.848712412449834,1.7648581608027092,-1.0976321692148199,173.93142623186336
1.0382297243253285,1.1764580347953006,-1.460739743485251,170.9786401196351
1.430147133045971,1.2182393481173563,-1.347945456711928,172.4559215754043
0.8337270705734251,1.7727860632346624,-0.6836196581627855,175.6922388656976
0.5544251279546453,0.2577534233792875,-1.4581942487409043,170.90035296326084
0.7076106217592419,0.3399316040755676,-1.681221079718382,169.76575508641295
0.9856215326987603,0.2805371613148329,-1.732575821509972,169.4646006442923
0.30000000000000004,1.5131875221383708,-1.4426606944850993,170.91634767004896
0.25269620325991204,1.022035814835197,-1.4586753886194495,170.91146919550792
0.6662660101317653,1.7786441271949989,-1.2849164895295382,172.5218846806773
0.2869372027763531,0.6448934397873852,-1.8464000848221507,168.7272655175679
1.4745579666648936,0.8927667996925815,-1.3852410622301539,172.15571918883265
0.30183718137628535,1.065340495993397,-1.7585636743494877,169.36638172963129
1.2502355797153184,0.9357843552144499,-0.5365870672907906,175.6670158590727
0.26463939149242655,0.256816613272739,-1.748411969192843,169.3816754774413
1.5917078509531057,1.593290311753253,-1.0102542159412269,174.959773137332
1.7704700194822167,1.8497479653294537,-1.7400947829122646,170.58967601797517
1.1453132243754147,0.22019820073105967,-1.3824558577114303,171.2511789596383
1.240234663862836,0.23908534936983802,-0.6521196047663187,174.98773969169721
0.6040937465544943,2.189365844421191,-2.3507329020184664,165.5617795356699
1.2769549319297178,0.44317632897943743,-0.31813153395292354,175.8953345843666
0.9645078846475307,0.9330469510363497,-1.4432264292715646,170.88498017120187
0.9024013471651302,1.645959559864919,-1.3717075158611383,171.40132396574356
0.9210387417952645,1.8124313156928054,-1.6103428521050185,170.66216327533712
1.431908703322937,1.737541854788199,-1.583967268119767,171.29590476665334
0.26538917203100054,2.0062838252705566,-1.3000331726893584,172.88568343698452
0.27874278865940355,2.007332945951151,-1.0433732788047316,174.45206398336273
1.5666070760649184,1.167904026437407,-0.68993934619995,175.944922549323
0.7995654441339843,1.2226093766995205,-1.4408776182715688,171.0673012146293
1.237745676383838,1.3709789073496745,-0.6696310009750619,175.5477726743935
0.2511958736661911,1.7461167282078363,-0.6299247410781607,175.4092437527995
0.3180769662405308,2.0309397633879036,-0.6503059726472272,176.09241461293885
0.5510250961347205,2.1155201118604663,-0.3905247291941635,177.01860055844637
0.6252350904295623,2.6956908142441245,-0.6117860687863951,177.08499069273708
0.29049142537089007,1.9069240722745575,-0.3638246787451044,176.52294904476705
0.4526951266867252,2.237721216654792,-1.1820449575947811,174.00999500296973
0.5697491931287884,0.8726266449168031,-1.4278242002757633,171.05771126366298
0.9208440515834203,0.6173089863190174,-1.4283228248970121,171.03437794240006
3.038708403406889,5.4617339921811725,-3.0617626407969354,158.5430559652049
1.3791748767847178,0.2059659624071573,-1.4788570222689985,171.26988518619763
1.2268157647580673,1.5805158954478575,-1.217960862070911,173.01990904981102
1.4200252858594113,1.531616364736944,-1.370610726647028,172.4579580670241
1.186742998512005,0.5033399256866057,-1.3403899619374542,171.56001623475518
1.2384866104594958,0.9984233944776021,-0.7703096984691414,174.89885601653754
1.5239172867399906,0.2754770291678287,-1.053281023712645,173.9984307938805
1.6579894527146504,0.3389515379691264,-0.775518974750575,175.37120856737243
3.2865202953163157,1.255125619111764,-1.2695708395629313,173.67304656736044
1.2338847531793022,0.22600423730419114,-1.057910530383106,173.48184640155577
1.6463219738798036,1.388749208923952,-1.2669791860254664,173.32827085632556
1.7346173422403837,1.097651435878634,-1.3982999454459595,172.50152984397323
2.4855108898318914,0.9289180587965976,-1.9254787854217579,169.0242340811667
0.519394201382864,1.4406009436830598,-2.3365638163561164,165.1991143384589
1.340133416439411,1.9722336799813978,-1.0947370431841676,174.5782698746255
1.5295359825343569,2.4349736955335137,-1.2636688131466172,174.2939774425353
1.1829895096206846,1.6876871017161017,-0.342162820826127,176.88291501982403
1.553002754559244,1.6896203295431316,-0.3313848195025816,177.2816362981695
1.033448709811146,0.41068357811682665,-2.150194734461701,166.6486467970178
1.478256250659993,0.7908962605981824,-1.1655090527507752,173.49470590381404
1.579292597063867,1.34295197450124,-0.4289985179754599,176.82433276272886
0.21239404448143254,0.8039133837205058,-1.4561053024953172,170.93727208609528
0.655351784412471,2.082550239004095,-1.3663177260754722,172.684733313781
1.1693640798608211,1.5779997144240299,-1.7995347669106114,169.4018272870113
0.4779992415984711,1.7307387696541283,-1.0162854614175703,174.0400083071804
1.3142974755750136,1.8065409018962577,-0.6959794593537031,176.18653901489307
1.1584790448114854,1.9997745518780887,-0.7673175759608731,175.99176940301916
0.4473989838353669,1.1163739765838827,-1.4158539373822259,171.1323093111181
0.957541517629714,1.6965138821624886,-0.9178041800308991,174.64467608046417
1.2739383872817749,0.5910970443084493,-1.5318274924090576,170.8696640779431
1.330973463450336,0.8259278096515635,-1.5721686978844986,170.75677693390017
0.5095395018523781,1.5970119562784197,-1.390024861778787,171.20641485337708
0.4731812118573623,1.5330324404581157,-1.6535409750984857,169.96882304039417
0.29489961076517496,1.3566147266269613,-1.8107024071943452,168.99471000775475
0.44924777590139364,0.4535377506620505,-1.4132712094630397,171.10733897392294
0.9500107880618994,0.7869380103302676,-1.6975981621317857,169.67787175810037
1.1413512307407316,0.9085702031706862,-1.6692421791548433,169.9707700148746
1.0127721609978162,1.7182991298088224,-0.5393815602768078,176.21057124881
1.5629985732090252,0.24261965834288116,-1.302735468253967,172.67739383878677
1.7129231897377022,1.6577453192831353,-1.4389469186622326,172.50768061462486
0.5041245697733601,1.7083423746478315,-0.7781272802956455,174.90633733390928
0.8075610179773003,1.2402784275456447,-1.6935778356068734,169.7563590471378
0.7409738850333345,1.4658718862411628,-1.655649812583797,169.9841075800782
1.2115403455424594,0.46685722082592757,-0.6415787775956431,174.9542273052416
1.1827278791928815,1.3109640001579894,-1.6121540217121249,170.43518654849848
1.0217356172471141,1.3454336549396184,-1.8359924237659127,168.97871450959542
2.9898149654362913,1.3221318482150273,-3.4275659774310627,153.2818741263982
1.9797344370816625,2.4958702456832516,-3.471409564520478,153.37208084259868
0.48601580869588745,0.6688334177758435,-1.449368123790823,170.96578315374
0.5555743582050436,1.7953194215927346,-0.28435214690626465,176.57252888923105
0.7244046260074831,2.8053909627197258,-1.7312137207171923,171.23673092153203
0.9891004675629109,2.137467051407425,-1.5412235407297146,171.80797235914244
2.3339202345160848,1.5441052492554093,-0.6968752303271398,176.8095723821049
0.8060197949734882,1.4513195707075,-1.4162152817984293,171.13302369022685
0.799880983866158,0.2096958016916186,-1.392191940285774,171.16276452300377
0.9712316636977254,1.9414846798871823,-1.1310623911151145,174.07297993682303
0.7347413299044712,1.9670780315161729,-1.1547360916028941,173.8802353053607
0.9516121806039504,1.7191638939747553,-0.31316932951141246,176.8110524996826
1.0584298835891972,2.0810311421092855,-0.21318656246134943,177.47043789268517
3.311985757978856,3.673965439129457,-3.1347713144900653,158.060347284577
0.453706121661141,1.7314054579691913,-1.230698925342099,172.68111894481058
1.177732888863835,1.6171055296087908,-1.0140628839864183,174.3449948579072
1.534440176534041,0.487063649695389,-1.2345402756599806,173.0815980566766
1.8765016606620772,0.3672730378895101,-1.140086297727269,173.97210395654702
0.7568053323185973,0.9801771170683636,-1.3967159815664987,171.19241488788637
1.3832754418331459,0.30021857078071496,-1.81573498600501,169.18604246192785
1.8911789412528455,0.5229371116396083,-2.058678267837549,167.81283463950626
1.3828542141785052,1.6034203350097502,-1.0733693913222608,174.37104794620166
1.287462802616825,1.4125545333378118,-2.2812702495692325,165.6836447138772
0.9881725381612283,1.7482149748861666,-3.322931260328251,155.19689386418486
1.208870450971721,0.5252525708234693,-0.8969000398314805,174.0712643739986
1.2056720644831436,1.9146324789286002,-1.7661958715710908,170.0133665721421
0.22543070298414233,1.6668081367007108,-1.6669274461051098,169.89732656469752
0.6027943858324853,0.8839509438589699,-1.6555797632660743,169.9221349154264
1.2101654888876396,1.1991749747961662,-1.3390667482101593,171.91035616041907
0.37946152669903893,2.418362001122885,-0.9642548038866073,175.34900015331655
1.1719360231675633,1.8863745712108075,-0.9544973858048826,175.09745600263952
0.5045269770309634,1.8957959541519371,-1.352583920329406,172.35461746099523
0.37028124343774294,2.057209236258145,-1.6163179361835993,170.90210141713607
1.2515030854629647,1.7780025708342824,-1.3096898207382484,172.88306421158632
0.5093804360579796,0.21477214971873762,-1.6842312871511973,169.75065077111572
1.4602509359733773,1.003396674982693,-0.2805926166347779,176.66775856463175
0.18607460006828597,1.340420186177221,-1.4033139829516867,171.114285662008
1.1715435354627202,0.7112623452424136,-1.3160469992808885,171.78661626914524
0.6902043927132322,1.7035662935697222,-0.5237571529584593,175.87730958097768
0.22100371181082706,0.4345218444049068,-1.6176625923499626,170.13133219825588
1.6510702322099224,0.32822641290949195,-0.2686020453370987,176.631722950678
1.893953468376401,5.702487569591323,-1.5935907385843642,171.95718080934353
1.379500014044308,0.45990565592131116,-1.4081952731892344,171.75435352289097
1.0590566716324368,3.6091489670911963,-1.0679089228638894,175.66567992480591
0.9990368203513134,1.8966310137269493,-0.6485018068438779,176.1619235582483
1.4979164256288098,1.6623807573839595,-0.7609194608753964,175.98240260754162
1.5818500236433628,1.8842051344717206,-0.9426942153622896,175.4262678218021
1.184541987579843,1.5613503089234269,-0.7532901974026185,175.3964428750358
1.19112326459149,0.1935097290776663,-0.8474144512699746,174.15493595289095
1.2047587424634392,1.3430937526730216,-1.0726963561041354,173.57734462757526
1.1056481300541834,3.261236302978114,-2.5187263053291042,165.13343201680505
1.191222857366049,0.8087439091874049,-0.8196517370172156,174.44489152984818
1.1004265813393406,1.9171923028467504,-1.29012028049659,173.19637007841166
1.1350800510696697,1.1111275191680288,-1.6307473439921323,170.1882527816702
1.3204683339196672,1.016994460600213,-1.6579037201958782,170.2735646510218
1.2144787596064093,1.056664808460042,-0.9666907609580702,174.05175215459076
1.2015131388296663,0.7335425665585212,-0.581302647277363,175.25876101980768
0.887906485494686,1.6046222192791249,-1.5950162634213434,170.39627915288978
0.5037496716452621,1.9184130103153585,-0.9391216043232573,174.85922909047605
0.811043404186329,0.7542811371885565,-1.9529525853942435,168.0532341165274
1.077546689694264,0.5593060739495638,-1.6294714103208432,170.1113747812061
0.690846103633979,1.9020571390476655,-0.5965790281204684,176.16270998599165
0.7783759165368589,1.9575411709722248,-0.7920872948029142,175.67743412420418
0.6595415353726921,1.6804843914043417,-1.1025749621493481,173.4948114308578
1.1771207976222056,1.272446839019356,-0.8539484671285823,174.53117875650875
0.21035584466374851,1.6787166330515093,-1.3196846098032429,171.72708502958275
1.1820292406531978,0.7555798475975244,-1.0802797446073935,173.30757087772727
0.19240679567465874,1.4170902138571622,-1.6122356881973763,170.0813328214248
1.1981485931105937,1.1726033879072884,-0.6832717168475309,175.2246126614146
0.44110491893299675,1.1685879932815428,-2.0404361137765674,167.46774833530156
0.22597068762747516,0.4313751536576973,-1.3751945710500793,171.23323571481623
0.39821329249205994,0.6305145985110227,-1.62586885220456,170.0716776223427
1.1345608642475036,1.4954847991227558,-1.549525877689421,170.75168782227172
0.5132392979288952,1.70503070944201,-1.5587945360991489,170.59925062758572
0.6427551538401571,1.6435749887930309,-1.7139491903142272,169.6962798931044
1.378523626125694,0.6702626792653175,-0.9511127622598391,174.3690995949821
1.473666867251488,1.074839097990086,-1.509954879627492,171.43915676292323
1.738669368749137,1.2136952313635452,-1.8404662577180178,169.42964792647373
2.4999999999999996,4.189680444760669,-10.20514398898427,76.11956385796145
2.500000000000001,2.956019645901611,-7.8619185828247735,104.3040135600997
2.661749362068696,2.2833119405009974,-11.716688059499003,53.29773672462669
2.7350695672309695,5.252653647678365,-8.149148653081127,102.28445072112802
2.933461753684766,5.429380043872314,-11.965752307267916,51.667667967108414
2.1580677171843123,1.9873797176840686,-9.696702463835141,82.02935401483538
1.6599461542331706,5.839960171255886,-10.425662741229887,74.40387456606268
1.7915157351719326,5.828647232426965,-6.688529596121757,116.41836431114231
1.7322944172732364,3.9405569742470927,-11.93968776126504,50.01034607143788
3.2140279774068325,1.6967750031165882,-6.6967750031165885,115.63749929483855
1.5133201801837979,4.189388538539526,-8.793703178549698,94.27466948361302
3.2841143918617823,5.701932031158351,-9.760425600145762,83.36933708083843
3.4207907016433827,3.8209729973065714,-11.608182822785063,56.123319998927315
3.5617270272162576,2.864392498473292,-9.168721735219831,89.26568654217711
2.4999999999999996,2.4617966997339575,-17.538203300266044,7.046134394541608
2.4986902358209147,5.095641824289769,-17.479769454063074,7.945629779980406
3.1444302409500997,3.741646772904616,-15.977058993599385,12.553163122057057
1.7859739801275232,1.9954419640969903,-15.756766229732413,12.15260760753008
3.1812351393022706,5.759179623581952,-15.705463060136188,14.963495330267614
0.32785834838370986,0.4044250758254511,-1.0076340123477046,171.75797735472457
0.56268207802077,1.1329469366765914,-0.9999999999999999,171.75028552868324
0.23810832791471398,0.26498170531796583,-1.0,171.7587236705457
0.48748123335124527,0.20329125429519068,-0.9999999999999999,171.75858949055493
0.7576075292620272,0.27324482843242415,-1.0,171.75772236736816
0.7873311042308164,0.5578756953991875,-0.9999999999999999,171.75617157090548
0.7916034388459514,0.9248993823715115,-0.9999999999999999,171.75280352947033
0.206793239064691,1.2980840108050316,-1.0,171.7478910200624
0.5866226504861237,0.45505779207653396,-0.9999999999999999,171.75733490863925
0.41209448500785206,0.6598898183646621,-0.9999999999999999,171.75613529637067
0.07656252373364617,0.6287927536244037,-0.9999999999999999,171.75665534861793
0.2969321644170861,0.5088734377021409,-1.0024759770644192,171.75743159466873
0.5285250649175852,0.524217496276407,-1.0774317220076532,171.756903009378
0.8100489376889974,1.3006346945332858,-0.998445740340132,171.74700370535527
0.5677144920309973,0.908515747183911,-1.0,171.75341838503402
0.2100581646190811,0.9140053879961694,-0.9963296517485741,171.75373696004038
0.5034660344842429,0.5091222696094528,-0.9220059700916529,171.75727042514401
0.3453555547403401,1.094330644096177,-1.0,171.75111510111043
0.6712018851263761,0.7292367397291205,-1.0,171.75517187528172
