X,Y,Z,Settlement_gravedad_mm,Settlement_carga_mm,Settlement_total_mm
0.0,0.0,-5.0,41.181113109207665,1.709370457603768,42.89048356681143
0.0,0.0,-14.0,18.777455802509778,0.3662077814383018,19.14366358394808
0.0,7.5,-5.0,39.771887627946434,0.8826662577015014,40.654553885647935
0.0,7.5,-14.0,19.436353526147823,0.39042978096304637,19.82678330711087
5.0,0.0,-5.0,40.45776798427105,1.2984823107218588,41.75625029499291
5.0,0.0,-14.0,18.909309976108986,0.386258715098009,19.295568691206995
5.0,7.5,-5.0,39.03467242390329,0.809974950296052,39.84464737419934
5.0,7.5,-14.0,19.531694264794083,0.40597497454822573,19.93766923934231
0.0,0.0,-20.0,-0.0,0.0,0.0
0.0,7.5,-20.0,-0.0,0.0,0.0
5.0,0.0,-20.0,-0.0,0.0,0.0
5.0,7.5,-20.0,-0.0,0.0,0.0
0.0,0.0,-1.2,45.45227572247638,4.509386890971541,49.96166261344792
0.0,1.5,0.0,45.832143782247016,4.014226136519056,49.84636991876607
0.0,1.5,-1.2,45.43760779932655,4.368569539875651,49.8061773392022
1.0,0.0,0.0,45.83475324917427,4.237102660900469,50.07185591007474
1.0,0.0,-1.2,45.45109913340437,4.483034575943428,49.9341337093478
1.0,1.5,0.0,45.9053181824557,3.371876518949236,49.27719470140494
1.0,1.5,-1.2,45.43610723592466,4.3052636413545,49.74137087727916
0.0,0.0,-0.7999999999999999,45.45267913347973,4.511876416041964,49.96455554952169
0.0,1.5,-0.7999999999999999,45.438070795610884,4.3729432547705755,49.81101405038146
1.0,0.0,-0.7999999999999999,45.45161165284083,4.486900352114311,49.93851200495514
1.0,1.5,-0.7999999999999999,45.436466817143454,4.32478398054014,49.761250797683594
0.0,7.5,0.0,44.34751992308546,0.8472502956055905,45.19477021869105
5.0,0.0,0.0,45.128208851191566,1.296913867093231,46.4251227182848
5.0,7.5,0.0,43.50918791022169,0.6887188062736271,44.19790671649532
0.0,0.0,-12.2,24.908275817373323,0.5371684768681142,25.445444294241437
0.0,0.0,-10.4,30.251074776554184,0.7308165650197154,30.9818913415739
0.0,0.0,-8.6,34.76100218499715,0.9608552808618427,35.721857465858996
0.0,0.0,-6.8,38.39013637379935,1.245753161739394,39.635889535538745
0.0,1.875,-5.0,41.061935256079735,1.5252997855521002,42.587235041631835
0.0,3.75,-5.0,40.73580781922684,1.2553717378352758,41.99117955706212
0.0,5.625,-5.0,40.35743759318099,1.0008999252207715,41.35833751840176
0.0,7.5,-12.2,24.82917569671724,0.5218300580063229,25.351005754723563
0.0,7.5,-10.4,29.61948169681058,0.6409037910172302,30.26038548782781
0.0,7.5,-8.6,33.676884201985075,0.7499025010292613,34.426786703014336
0.0,7.5,-6.8,37.06121570878589,0.8305635479400735,37.89177925672596
0.0,1.875,-14.0,18.782195479221574,0.36410943886499325,19.146304918086567
0.0,3.75,-14.0,18.916453031474276,0.36206925346218455,19.27852228493646
0.0,5.625,-14.0,19.124041113502475,0.3673742570599572,19.491415370562432
5.0,0.0,-12.2,24.574520004387008,0.5522459688136614,25.12676597320067
5.0,0.0,-10.4,29.629802886988625,0.7362771021310408,30.366079989119665
5.0,0.0,-8.6,33.989071495227044,0.9287760643960965,34.91784755962314
5.0,0.0,-6.8,37.611685212839724,1.1323077459871271,38.74399295882685
5.0,1.875,-5.0,40.28518389996687,1.2166393179052477,41.501823217872115
5.0,3.75,-5.0,40.07527202855599,1.047437724663581,41.122709753219574
5.0,5.625,-5.0,39.59979946583676,0.907768858689046,40.507568324525806
5.0,7.5,-12.2,24.478913745027352,0.5284436307220624,25.007357375749415
5.0,7.5,-10.4,28.97764453509736,0.6360857619924296,29.61373029708979
5.0,7.5,-8.6,32.922751234945814,0.7334212977918497,33.65617253273766
5.0,7.5,-6.8,36.3813404556222,0.8011974511314008,37.1825379067536
5.0,1.875,-14.0,18.918025420311263,0.3843449673417574,19.30237038765302
5.0,3.75,-14.0,19.077624561414442,0.3782460729466699,19.455870634361112
5.0,5.625,-14.0,19.25825618506121,0.3827071300122995,19.64096331507351
1.6666666666666667,0.0,-14.0,18.78679875692768,0.37143115245273606,19.158229909380417
3.3333333333333335,0.0,-14.0,18.86832851936911,0.3774933681483752,19.245821887517486
1.6666666666666667,0.0,-5.0,40.96967058946201,1.5635491010429234,42.533219690504936
3.3333333333333335,0.0,-5.0,40.77852000013976,1.3748443898196072,42.153364389959364
1.6666666666666667,7.5,-14.0,19.4016351762557,0.3931962096617809,19.79483138591748
3.3333333333333335,7.5,-14.0,19.458718200724864,0.3989519930599599,19.857670193784823
1.6666666666666667,7.5,-5.0,39.60470287308848,0.860725784907757,40.465428657996235
3.3333333333333335,7.5,-5.0,39.324585401486225,0.831659072591485,40.15624447407771
0.0,0.0,-18.0,5.989215252007245,0.09933035401475454,6.088545606022
0.0,0.0,-16.0,12.469875018038787,0.2237520912516615,12.693627109290448
0.0,7.5,-18.0,7.455194366295173,0.13898342728818136,7.594177793583355
0.0,7.5,-16.0,13.726152052672743,0.264898433328673,13.991050486001416
0.0,1.875,-20.0,-0.0,0.0,0.0
0.0,3.75,-20.0,-0.0,0.0,0.0
0.0,5.625,-20.0,-0.0,0.0,0.0
5.0,0.0,-18.0,7.102032301236458,0.12456356281452763,7.226595864050986
5.0,0.0,-16.0,13.070730248453579,0.2467427759704126,13.317473024423991
5.0,7.5,-18.0,8.563618119459978,0.16440606114594125,8.72802418060592
5.0,7.5,-16.0,14.264302114597513,0.28485437206074415,14.549156486658257
5.0,1.875,-20.0,-0.0,0.0,0.0
5.0,3.75,-20.0,-0.0,0.0,0.0
5.0,5.625,-20.0,-0.0,0.0,0.0
1.6666666666666667,0.0,-20.0,-0.0,0.0,0.0
3.3333333333333335,0.0,-20.0,-0.0,0.0,0.0
1.6666666666666667,7.5,-20.0,-0.0,0.0,0.0
3.3333333333333335,7.5,-20.0,-0.0,0.0,0.0
0.0,1.5,-1.0096322348032698,45.538372094316586,4.393089764246817,49.9314618585634
0.0,1.5,-0.8192644696065392,45.640354218361196,4.837887507233546,50.47824172559474
0.0,1.5,-0.6288967044098089,45.71201181738935,4.365000225786687,50.07701204317604
0.0,1.5,-0.43852893921307834,45.77496661755565,4.120318196031079,49.89528481358673
0.0,1.5,-0.24579670243917562,45.81086556902737,4.046173316359827,49.8570388853872
0.0,0.1875,-1.2,45.452008840910125,4.505716310544109,49.957725151454234
0.0,0.375,-1.2,45.45132105971546,4.4968223830798735,49.948143442795335
0.0,0.5625,-1.2,45.450169164160926,4.483165008783281,49.93333417294421
0.0,0.75,-1.2,45.44853800582777,4.464631874452877,49.91316988028065
0.0,0.9375,-1.2,45.446478648260886,4.443583829015282,49.89006247727617
0.0,1.125,-1.2,45.44397345979762,4.419805845425351,49.86377930522297
0.0,1.3125,-1.2,45.44101446271316,4.394273248515418,49.83528771122858
1.0,0.0,-1.0096322348032698,45.5529369473287,4.472243656735934,50.02518060406464
1.0,0.0,-0.8192644696065392,45.645439193203686,4.7884252059769,50.433864399180585
1.0,0.0,-0.6288967044098089,45.72092049656451,4.420723302519114,50.141643799083624
1.0,0.0,-0.43852893921307834,45.77636792704605,4.296268751356635,50.07263667840269
1.0,0.0,-0.24579670243917562,45.81104116892686,4.251124749175652,50.062165918102515
1.0,0.4999999999999997,0.0,45.8476712285964,4.161619217634282,50.00929044623068
1.0,1.0000000000000018,0.0,45.87411620126342,3.9125655197272877,49.78668172099071
1.0,1.5,-1.0096322348032698,45.57400574070389,4.004434541124958,49.57844028182885
1.0,1.5,-0.8192644696065392,45.6888386667286,3.8595834115676055,49.548422078296205
1.0,1.5,-0.6288967044098089,45.76574502641724,3.6705271179844416,49.436272144401684
1.0,1.5,-0.43852893921307834,45.82504249756912,3.550834510659371,49.37587700822849
1.0,1.5,-0.24579670243917562,45.865975292427095,3.4604833379680997,49.326458630395194
1.0,0.1875,-1.2,45.45095607537937,4.477757727373053,49.928713802752426
1.0,0.375,-1.2,45.4502678050877,4.4678479085532175,49.918115713640915
1.0,0.5625,-1.2,45.44926402737352,4.452585017448193,49.90184904482172
1.0,0.75,-1.2,45.4476308827986,4.432455832247527,49.880086715046126
1.0,0.9375,-1.2,45.44567598322903,4.407307821391264,49.852983804620294
1.0,1.125,-1.2,45.442955808694244,4.378085870329322,49.821041679023566
1.0,1.3125,-1.2,45.4399397540342,4.347677919351263,49.78761767338546
0.2,0.0,-1.2,45.452168213561556,4.506516862671354,49.95868507623291
0.4,0.0,-1.2,45.45211846297034,4.502542129988093,49.95466059295843
0.6,0.0,-1.2,45.451919318543695,4.49618636043359,49.948105678977285
0.8,0.0,-1.2,45.451634908079555,4.489216371959266,49.94085128003882
0.2,1.5,-1.2,45.4375213052769,4.364210791275532,49.801732096552435
0.4,1.5,-1.2,45.43726899577248,4.355856999738251,49.79312599551073
0.6,1.5,-1.2,45.436989479038,4.345495998146596,49.78248547718459
0.8,1.5,-1.2,45.43669055854281,4.3319533978636215,49.76864395640643
0.4999999999999988,1.5,0.0,45.855619714783835,3.8286904116264253,49.68431012641026
0.0,0.0,-0.9999999999999998,45.452555046921425,4.510623066969238,49.96317811389066
0.0,0.1875,-0.7999999999999999,45.452424080587015,4.507346380042186,49.9597704606292
0.0,0.375,-0.7999999999999999,45.45171256894416,4.498459281610252,49.95017185055441
0.0,0.5625,-0.7999999999999999,45.45060149539833,4.485052050302414,49.935653545700745
0.0,0.75,-0.7999999999999999,45.44895221260901,4.466594156810736,49.915546369419744
0.0,0.9375,-0.7999999999999999,45.446878424811786,4.445106139001339,49.891984563813125
0.0,1.125,-0.7999999999999999,45.44430680932566,4.421579561899819,49.86588637122548
0.0,1.3125,-0.7999999999999999,45.44130230862987,4.3966571002596595,49.83795940888953
0.0,1.5,-0.9999999999999998,45.43792191250985,4.37064406349689,49.80856597600674
1.0,0.0,-0.9999999999999998,45.451454793852406,4.485133372271427,49.93658816612383
1.0,0.1875,-0.7999999999999999,45.451393660149094,4.48255601624701,49.933949676396104
1.0,0.375,-0.7999999999999999,45.4507691081742,4.472698860048816,49.923467968223015
1.0,0.5625,-0.7999999999999999,45.449643899229706,4.456722307743732,49.90636620697344
1.0,0.75,-0.7999999999999999,45.44806688168718,4.436265165314012,49.884332047001195
1.0,0.9375,-0.7999999999999999,45.4459425292334,4.411156656620989,49.85709918585439
1.0,1.125,-0.7999999999999999,45.44325131044661,4.382967811604509,49.82621912205112
1.0,1.3125,-0.7999999999999999,45.44010834698239,4.353769276377875,49.79387762336027
1.0,1.5,-0.9999999999999998,45.43607655344485,4.3200956680361315,49.75617222148098
0.2,0.0,-0.7999999999999999,45.4525932230771,4.508172709453511,49.96076593253061
0.4,0.0,-0.7999999999999999,45.45253833193033,4.503934496294576,49.9564728282249
0.6,0.0,-0.7999999999999999,45.452353266593555,4.497726386875925,49.95007965346948
0.8,0.0,-0.7999999999999999,45.45198003257626,4.490911534000475,49.94289156657673
0.2,1.5,-0.7999999999999999,45.437983256817894,4.368443127089392,49.80642638390729
0.4,1.5,-0.7999999999999999,45.437788588914664,4.360574517141622,49.798363106056286
0.6,1.5,-0.7999999999999999,45.437505102438486,4.349726162032908,49.787231264471394
0.8,1.5,-0.7999999999999999,45.437080295125526,4.337351640409047,49.77443193553457
0.0,0.0,-3.9780982410817316,42.80397019353706,2.224426250688758,45.02839644422582
0.0,0.0,-3.224952941674347,43.83956019918426,2.697537815470284,46.537098014654546
0.0,0.0,-2.669854273335367,44.4602357092558,3.1535605628724355,47.61379627212823
0.0,0.0,-2.2607841084596094,44.84196111719871,3.5248832393719383,48.366844356570645
0.0,0.0,-1.9593086456679112,45.0750078827754,3.81086397456081,48.88587185733621
0.0,0.0,-1.7371280296776526,45.22135413075097,4.021673321610507,49.243027452361474
0.0,0.0,-1.5573320465988916,45.31956339020845,4.1872265864362745,49.506789976644725
0.0,0.0,-1.3786660232994459,45.39700860279602,4.34878091575694,49.74578951855296
0.0,2.0935143038203536,0.0,45.897074486592814,3.070733739788949,48.96780822638176
0.0,2.9081112648526735,0.0,45.86975450714343,2.1491828798662027,48.018937387009636
0.0,4.036252193044871,0.0,45.66581323624528,1.5587959674371348,47.22460920368241
0.0,5.598590176669995,0.0,45.09747450887552,1.1385768595939538,46.236051368469475
0.0,7.5,-3.333333333333333,42.180438179033985,0.8850275157057581,43.06546569473974
0.0,7.5,-1.6666666666666665,43.651423507563095,0.8615948801057911,44.513018387668886
5.0,0.0,-3.333333333333333,42.94312648067073,1.4072642932040509,44.35039077387478
5.0,0.0,-1.6666666666666665,44.47507366719719,1.3471884541710892,45.822262121368276
1.584174767136193,0.0,0.0,45.89221515210346,3.342274044032706,49.23448919613617
2.382299656002554,0.0,0.0,45.88868989778782,2.41130962484889,48.29999952263671
3.4827665484379806,0.0,0.0,45.617904230058066,1.7571468873147893,47.375051117372855
1.6666666666666667,7.5,0.0,44.141756699953795,0.8248305135731115,44.96658721352691
3.3333333333333335,7.5,0.0,43.91187755101431,0.7741973886841222,44.68607493969843
5.0,1.875,0.0,45.07315008353451,1.2533776961252059,46.32652777965971
5.0,3.75,0.0,44.78903702305068,1.0937895818031151,45.8828266048538
5.0,5.625,0.0,44.269481475180555,0.8973792254439132,45.16686070062447
5.0,7.5,-3.333333333333333,41.31200413134377,0.7552637005636385,42.06726783190741
5.0,7.5,-1.6666666666666665,42.890416161388536,0.704252267009366,43.5946684283979
0.0,5.997373011451305,-9.499722910466748,32.2607061217266,0.7049630762551189,32.96566919798172
0.0,1.5025082475914338,-9.499999504934987,32.52141486886467,0.8338300469080338,33.3552449157727
0.0,2.7774223905903144,-6.794978517019362,38.264103609597356,1.137472827361968,39.401576436959324
0.0,2.778809862464767,-12.203769184859755,24.912111414714822,0.5237626489151701,25.435874063629992
0.0,4.716129023347552,-6.818925431411245,37.96827765623112,0.9529576011438294,38.92123525737495
0.0,3.8048088359798977,-8.067299160093304,35.745680519383036,0.9023805467576622,36.6480610661407
0.0,4.716377260744486,-12.179135872996268,25.081501813841165,0.5112638178222468,25.59276563166341
0.0,3.8050462520543746,-10.931305435096721,28.806876930847285,0.6285508860613653,29.43542781690865
0.0,6.1408588646698306,-7.778258372629646,35.84981767450893,0.8104303988704586,36.660248073379385
0.0,1.3587580408072795,-11.22482684637404,27.94691557084095,0.6310058973136066,28.577921468154557
0.0,1.3586071870821415,-7.774962370409055,36.58818904288291,1.068130514501732,37.65631955738464
0.0,6.140420022901386,-11.220675195318751,27.765378062073694,0.5812620016270351,28.34664006370073
0.0,6.179110415562538,-12.67387406961844,23.596021791280606,0.4738697623400654,24.06989155362067
0.0,1.3205962268217775,-12.675372662023625,23.3974834925101,0.48561176964307506,23.883095262153176
0.0,1.320516139066696,-6.324551167561039,39.256141763539915,1.2965036952508129,40.55264545879073
0.0,6.18127654670676,-6.32372342853852,38.332943553818836,0.8868759931525432,39.21981954697138
0.0,4.990887356688169,-8.611593348620675,34.439436843206884,0.8005733012531664,35.24001014446005
0.0,3.7683839528222123,-9.499620655635685,32.568820573388315,0.7626309967507297,33.331451570139045
0.0,2.5095612722108323,-8.612451187895529,34.718981590719935,0.9021579938916773,35.62113958461161
0.0,4.990921077312796,-10.38753740105394,30.20834881078951,0.6553495225413428,30.863698333330852
0.0,2.509078922687205,-10.387537401053937,30.35177676098125,0.7008394246336813,31.05261618561493
5.0,5.997373011451305,-9.499722910466748,31.481670371647468,0.6938399385607354,32.1755103102082
5.0,1.5025082475914338,-9.499999504934987,31.88550691374567,0.8138253124456973,32.699332226191366
5.0,2.7774223905903144,-6.794978517019362,37.5638338992368,1.0258160312864817,38.58964993052328
5.0,2.778809862464767,-12.203769184859755,24.612270822424673,0.5349882173740497,25.147259039798723
5.0,4.716129023347552,-6.818925431411245,37.20307531652949,0.8960892192775134,38.099164535807006
5.0,3.8048088359798977,-8.067299160093304,34.99667006986919,0.8588622888814257,35.855532358750615
5.0,4.716377260744486,-12.179135872996268,24.756041840140465,0.520665360187877,25.276707200328342
5.0,3.8050462520543746,-10.931305435096721,28.241676563966966,0.6310496870896465,28.872726251056612
5.0,6.1408588646698306,-7.778258372629646,35.0891633642371,0.7814413007940431,35.870604665031145
5.0,1.3587580408072795,-11.22482684637404,27.492687686169983,0.6374087736478842,28.130096459817867
5.0,1.3586071870821415,-7.774962370409055,35.83312771787452,0.9970831521699566,36.830210870044475
5.0,6.140420022901386,-11.220675195318751,27.335741394038,0.5852425187205696,27.92098391275857
5.0,6.179110415562538,-12.67387406961844,23.383154235597786,0.4838275255083673,23.866981761106153
5.0,1.3205962268217775,-12.675372662023625,23.19208913588303,0.5001670427177736,23.692256178600804
5.0,1.320516139066696,-6.324551167561039,38.423170891976405,1.1457727996659486,39.56894369164235
5.0,6.18127654670676,-6.32372342853852,37.65735489487798,0.8418760919649628,38.499230986842946
5.0,4.990887356688169,-8.611593348620675,33.71986693639101,0.77815663957373,34.49802357596474
5.0,3.7683839528222123,-9.499620655635685,31.881476987376978,0.7514485908241113,32.63292557820109
5.0,2.5095612722108323,-8.612451187895529,34.02248542392134,0.8698826973650355,34.892368121286374
5.0,4.990921077312796,-10.38753740105394,29.61201854748753,0.6534414345154111,30.26545998200294
5.0,2.509078922687205,-10.387537401053937,29.73879233443506,0.7034547980095276,30.44224713244459
2.5000000000000004,0.0,-12.556624327025936,23.75327723091078,0.5045858214541674,24.257863052364947
2.5,0.0,-6.443375672974064,38.826322684342685,1.2283013425988614,40.054624026941546
1.4998558325730798,0.0,-9.5,32.61603866562854,0.8321374620854911,33.44817612771403
3.50014416742692,0.0,-9.5,32.32847296088756,0.8277206897915761,33.156193650679135
3.400291472933393,0.0,-11.28516593942145,27.602377268576507,0.6345284566794476,28.236905725255955
1.584991658530147,0.0,-11.298426231060754,27.695743758289034,0.6286232478335378,28.32436700612257
3.4002914729333935,0.0,-7.714834060578553,36.354630088693064,1.0269872283516435,37.38161731704471
1.584991658530147,0.0,-7.701573768939246,36.62185880428804,1.07574970957387,37.69760851386191
3.8348623139796594,0.0,-12.79605972830962,22.886321937971328,0.48995118268602766,23.376273120657356
1.1947943042045561,0.0,-12.765313915859979,23.037772634164472,0.4831787126493978,23.52095134681387
1.194794304204555,0.0,-6.234686084140019,39.26189576664829,1.3458904817666024,40.60778624841489
3.8348623139796594,0.0,-6.2039402716903815,39.007993371314214,1.1967097260189945,40.20470309733321
2.4992338156738616,0.0,-10.29297458087878,30.49446512960268,0.7327304792167233,31.227195608819404
2.499193926860549,0.0,-8.702396886518182,34.37297349572119,0.9269298858225312,35.29990338154372
2.5000000000000004,7.5,-12.556624327025936,23.832160471818725,0.49931088909552557,24.33147136091425
2.5,7.5,-6.443375672974064,37.5123146205592,0.82798500482523,38.34029962538443
3.50014416742692,7.5,-9.5,31.442902711375556,0.6869182001225234,32.12982091149808
1.4998558325730798,7.5,-9.5,31.78295193045266,0.6911830891937782,32.47413501964644
3.400291472933393,7.5,-11.28516593942145,27.231546368784816,0.5846478878230918,27.816194256607908
1.584991658530147,7.5,-11.298426231060754,27.401929350626965,0.5853765208065518,27.987305871433517
3.4002914729333935,7.5,-7.714834060578553,35.1737635029788,0.770328943910549,35.94409244688935
1.584991658530147,7.5,-7.701573768939246,35.424639857289456,0.7874497384151624,36.21208959570462
3.8348623139796594,7.5,-12.79605972830962,22.98245587079806,0.48297294898035403,23.465428819778413
1.1947943042045561,7.5,-12.765313915859979,23.195546398403533,0.4802590774487854,23.675805475852318
1.194794304204555,7.5,-6.234686084140019,37.99757899716507,0.8468427224034585,38.84442171956853
3.8348623139796594,7.5,-6.2039402716903815,37.660622518343075,0.8228397026135923,38.48346222095667
2.4992338156738616,7.5,-10.29297458087878,29.793979922991685,0.6460039723304476,30.439983895322133
2.499193926860549,7.5,-8.702396886518182,33.35415550507063,0.7309612420132936,34.08511674708392
2.4476264334453126,6.100413727510206,-14.0,19.27246935914616,0.3759601891057329,19.648429548251894
2.5000000000000004,1.443375672974064,-14.0,18.823855851910018,0.36854368476810606,19.192399536678124
1.4034339267291014,4.84417887570054,-14.0,19.138843318304744,0.36397935310593255,19.502822671410676
3.268661474133062,4.616915478061368,-14.0,19.130199633844338,0.3692335819883539,19.499433215832692
1.5579884296376372,2.9304964524253116,-14.0,18.902715788416586,0.36109559390855495,19.26381138232514
3.5604921853957245,2.691662894365146,-14.0,18.99076763578888,0.3702201571088892,19.36098779289777
1.1783491311906265,6.255819290793517,-14.0,19.300085019805287,0.3743384533157368,19.674423473121024
1.1783491311906267,1.2441807092064834,-14.0,18.825663482399708,0.364853745142927,19.190517227542635
3.809924248182341,6.268465841114315,-14.0,19.32846380605341,0.3824602091121072,19.710924015165517
3.8216508688093738,1.244180709206482,-14.0,18.955951275825534,0.37445575826302857,19.330407034088562
2.5000000000000004,1.443375672974064,-5.0,40.931786355181636,1.3927780276536907,42.32456438283533
2.4476264334453126,6.100413727510206,-5.0,40.07062908433663,0.9228589868591826,40.99348807119581
1.4034339267291014,4.84417887570054,-5.0,40.736822909021605,1.067945338972791,41.804768247994396
3.268661474133062,4.616915478061368,-5.0,40.440103531077646,1.025277585056017,41.46538111613366
1.5579884296376372,2.9304964524253116,-5.0,40.96327941825223,1.321093656691943,42.28437307494417
3.5604921853957245,2.691662894365146,-5.0,40.68167224826323,1.2038298913056593,41.88550213956889
1.1783491311906265,6.255819290793517,-5.0,40.20433000017652,0.9368083018091369,41.141138301985656
1.1783491311906267,1.2441807092064834,-5.0,41.12699690779786,1.548436226115001,42.67543313391286
3.809924248182341,6.268465841114315,-5.0,39.80884039539721,0.8926623820565709,40.70150277745378
3.8216508688093738,1.244180709206482,-5.0,40.68636063659564,1.2999852554586298,41.98634589205427
0.0,1.7148284365859052,-17.0,9.250100300496506,0.15892540829010393,9.40902570878661
0.0,4.673974028588915,-15.555034291607488,14.153094899865673,0.2553868529497372,14.40848175281541
0.0,4.673974028588914,-18.444965708392512,4.552047161234759,0.07451960838277039,4.626566769617529
0.0,2.8125,-15.548077367904177,13.957143664183082,0.2526634869927715,14.209807151175854
0.0,2.8125,-18.451922632095823,4.410300522401874,0.07055424304462488,4.480854765446499
0.0,5.890147263602507,-17.0,9.689926563790939,0.17156164445731825,9.861488208248257
0.0,3.7111400817162408,-17.0,9.24640569430709,0.1578453496866956,9.404251043993785
0.0,6.15071169010352,-18.61394845947205,4.2102828881629675,0.07091753091497566,4.281200419077943
0.0,1.2804656873171811,-18.690384526419166,3.7686506666109705,0.060181448129480675,3.828832114740451
0.0,1.2804656873171811,-15.309615473580834,14.696947731828951,0.26994879653039483,14.966896528359346
0.0,6.15071169010352,-15.386051540527948,15.054522083108022,0.2807870559104444,15.335309139018467
5.0,1.7148284365859052,-17.0,9.966848423301082,0.18029097090893131,10.147139394210013
5.0,4.673974028588915,-15.555034291607488,14.66732274647974,0.2774023239461769,14.944725070425918
5.0,4.673974028588914,-18.444965708392512,5.6152925265014755,0.09804166057375419,5.71333418707523
5.0,2.8125,-15.548077367904177,14.50686241386966,0.27402390469719506,14.780886318566855
5.0,2.8125,-18.451922632095823,5.2652685467337275,0.0897542639857809,5.355022810719508
5.0,5.890147263602507,-17.0,10.498387592845313,0.19387846985354962,10.692266062698863
5.0,3.7111400817162408,-17.0,10.157294959264664,0.18203007330073362,10.339325032565398
5.0,6.15071169010352,-18.61394845947205,5.003084386161211,0.0886748157889059,5.091759201950117
5.0,1.2804656873171811,-18.690384526419166,4.49118413903103,0.07622567866860308,4.567409817699633
5.0,1.2804656873171811,-15.309615473580834,15.1769602635812,0.29118129432422535,15.468141557905426
5.0,6.15071169010352,-15.386051540527948,15.495781795405277,0.30099006061895217,15.796771856024229
2.5,0.0,-18.556624327025936,4.100883439488074,0.06581547646686037,4.166698915954934
2.5,0.0,-15.443375672974064,14.407333359901255,0.2662768211168114,14.673610181018066
1.5346158590977894,0.0,-17.0,9.217829563086674,0.15804245435504782,9.375872017441722
3.46276461254404,0.0,-17.0,9.521383773818235,0.16668066355468625,9.68806443737292
3.8523682143552467,0.0,-15.261915376926183,15.111522762628875,0.287771031304084,15.399293793932959
1.1476317856447538,0.0,-15.261915376926183,14.872382067736538,0.2766563472583936,15.149038414994932
1.147631785644753,0.0,-18.738084623073817,3.6914221868393864,0.05974060173202078,3.751162788571407
3.8523682143552462,0.0,-18.738084623073817,3.8692778613599397,0.0646161346885834,3.933893996048523
2.5,7.5,-18.556624327025936,5.353676306543209,0.09797049465605578,5.4516468011992645
2.5,7.5,-15.443375672974064,15.489073821711969,0.30509997045886905,15.794173792170838
1.5346158590977894,7.5,-17.0,10.588774255727694,0.19946783500854615,10.78824209073624
3.46276461254404,7.5,-17.0,10.954655571870957,0.2090408172843432,11.1636963891553
3.8523682143552467,7.5,-15.261915376926183,16.17133438612005,0.32380073195835735,16.49513511807841
1.1476317856447538,7.5,-15.261915376926183,15.894381200769356,0.3114481794412214,16.205829380210577
1.147631785644753,7.5,-18.738084623073817,4.6109493352675655,0.08450727869358321,4.695456613961149
3.8523682143552462,7.5,-18.738084623073817,5.010254554541277,0.09410018087714445,5.104354735418421
2.5000000000000004,1.443375672974064,-20.0,-0.0,0.0,0.0
2.4476264334453126,6.100413727510206,-20.0,-0.0,0.0,0.0
1.4034339267291014,4.84417887570054,-20.0,-0.0,0.0,0.0
3.268661474133062,4.616915478061368,-20.0,-0.0,0.0,0.0
1.5579884296376372,2.9304964524253116,-20.0,-0.0,0.0,0.0
3.5604921853957245,2.691662894365146,-20.0,-0.0,0.0,0.0
1.1783491311906265,6.255819290793517,-20.0,-0.0,0.0,0.0
1.1783491311906267,1.2441807092064834,-20.0,-0.0,0.0,0.0
3.809924248182341,6.268465841114315,-20.0,-0.0,0.0,0.0
3.8216508688093738,1.244180709206482,-20.0,-0.0,0.0,0.0
1.0,1.3405714529447783,-0.7330895859933991,45.71703501482425,4.032856236516061,49.74989125134031
1.0,0.8469722984993924,-1.0214662883600072,45.55853449197459,4.3918883261794335,49.950422818154024
1.0,0.16592284140623398,-0.7228028142645682,45.68616651082939,4.596310479275466,50.282476990104854
1.0,0.45553021736569166,-1.03173272819065,45.54193567961486,4.476007535467062,50.01794321508192
1.0,0.7457805642448596,-0.43725175459112187,45.792476345430565,4.18839737237473,49.980873717805295
1.0,1.199057974437556,-1.0190853998555234,45.55866595398832,4.242619759515492,49.80128571350381
1.0,1.3293034094562295,-0.2647318710734521,45.85862718481517,3.6709007425978797,49.52952792741305
1.0,0.16588716694821848,-0.3421628208261269,45.79837743701556,4.2753462824649375,50.0737237194805
1.0,0.20873832708631782,-0.1608089919293476,45.82803026222064,4.228669310744252,50.056699572964895
1.0,0.1524566691047961,-0.9138650929000409,45.596998573543345,4.503658015188805,50.10065658873215
1.0,0.3459789540426735,-0.8493572879751063,45.6344606265201,4.530353799530417,50.16481442605052
1.0,0.33832983801309835,-0.629772342060662,45.717881124132546,4.4048558661098625,50.12273699024241
1.0,0.5060974148408255,-0.7223586497753676,45.69152738654818,4.596181046023908,50.28770843257209
1.0,0.519049385636697,-0.524328075708242,45.76313625697664,4.305523671063206,50.06865992803984
1.0,0.6801958072815226,-0.6239837739236718,45.73305016521987,4.384503174400713,50.117553339620585
1.0,0.8755036865689665,-0.5790692326968938,45.75452806388089,4.309284118765532,50.06381218264642
1.0,0.9314844159453172,-0.4373819416495903,45.800061062177214,4.099664178619932,49.899725240797146
1.0,1.0750036668177587,-0.5544603278729857,45.7716291905299,4.082927878780062,49.85455706930996
1.0,1.0009320370908803,-0.7278150024813368,45.70402666917527,4.389619882809832,50.0936465519851
1.0,0.6964150290027433,-0.8372675718722831,45.64812340183767,4.544219042482716,50.19234244432039
1.0,0.16822637460931605,-0.5316796609974175,45.7501646889929,4.378508142266014,50.12867283125892
1.0,1.295680866008535,-0.523047400470129,45.795166470430004,3.821275089593783,49.61644156002379
1.0,0.6396501268764706,-1.029180535059518,45.54634234006697,4.447828153654363,49.994170493721334
1.0,1.0291718134837629,-1.0657369089529924,45.53537953271579,4.363290863839843,49.89867039655563
1.0,1.0753204571439043,-0.33756619519601583,45.83654597328942,3.9104299994897858,49.746975972779204
1.0,0.34368236351309306,-0.42755980203013344,45.78167192128969,4.281950784411073,50.063622705700766
1.0,0.27825977261331203,-1.0459117408549268,45.52932162449948,4.4409025841351095,49.97022420863459
1.0,1.3464076768889592,-0.9124113406171068,45.62396476346767,4.020886820512288,49.64485158397996
1.0,1.1821295985876787,-0.8269131347704335,45.661215841064525,4.3180437873966255,49.97925962846115
1.0,0.8657455485435457,-0.8484864070515363,45.6472458773954,4.544010741424778,50.19125661882018
1.0,0.5642779957832977,-0.3135193249795948,45.817918729037494,4.179432758601095,49.99735148763859
1.0,0.8114504803246896,-0.25011792906884023,45.83556062117626,4.080556987292056,49.91611760846832
1.0,0.3778044684833708,-0.21608543638143562,45.82377315386777,4.206914684176901,50.03068783804467
1.0,0.527069204529971,-0.8870538180608907,45.61541864540203,4.682692497983197,50.29811114338523
1.0,1.1842037553815632,-0.6712716117511645,45.732683793082565,4.100095076428914,49.83277886951148
1.0,0.13586908541938886,-1.0633315283065528,45.52216195434777,4.449951966755201,49.972113921102974
1.0,1.3632387435718805,-1.0624527972673763,45.52256227164532,4.12127942899258,49.6438417006379
1.0,0.7991300021546398,-0.7164589927936342,45.70356502831173,4.507705668647112,50.21127069695884
1.0,1.032991908104299,-0.8959727323900204,45.62729273638194,4.507011753747626,50.134304490129566
0.8223594075432595,1.5,-0.5264622866500527,45.788534684104285,3.7742399648736153,49.5627746489779
0.13132171432476783,1.5,-0.7186802512398585,45.681282223075826,4.524935140520107,50.20621736359593
0.4973930051715191,1.5,-1.0287827494854618,45.539020127417025,4.278684567664229,49.817704695081254
0.856566297556522,1.5,-0.9115496377106436,45.615839543823036,4.057235938166151,49.67307548198919
0.1654571962546009,1.5,-0.264359935042634,45.81517561958321,4.031460498613946,49.846636118197154
0.3003669578042022,1.5,-1.0418748058644414,45.526802600736836,4.345941719938352,49.87274432067519
0.3971307915720925,1.5,-0.8711915393471052,45.620004881380865,4.379261099162363,49.99926598054323
0.5844991591310146,1.5,-0.8546722633970154,45.636588379957594,4.282341271106098,49.91892965106369
0.4975260960403509,1.5,-0.688905718998376,45.709961257841094,4.079013368741137,49.78897462658223
0.6814446391364128,1.5,-0.6882396893478944,45.712769419810634,4.049624922000014,49.76239434181065
0.593116013253936,1.5,-0.5147701156777599,45.77233433864053,3.914072402491442,49.686406741131975
0.7159623922299921,1.5,-0.3801670107771552,45.82263869915606,3.74794956397875,49.57058826313481
0.40073378616308697,1.5,-0.5255130319343878,45.76324789129959,4.045357364579338,49.80860525587893
0.5552079143537407,1.5,-0.327092614845678,45.81651115719532,3.8714998662533517,49.688011023448674
0.17960766035066916,1.5,-0.527315095677277,45.75646278339709,4.170072599048133,49.92653538244522
0.7041875057867747,1.5,-1.0111358748627453,45.557249182799225,4.1576357766958765,49.7148849594951
0.17898114612338303,1.5,-0.8942958456259289,45.605070285654364,4.4778535758241205,50.082923861478484
0.854153715248763,1.5,-0.7283728004462593,45.71101083024069,4.067689083466838,49.77869991370753
0.30709100827153285,1.5,-0.7042586359991487,45.69149429039749,4.3739515550782855,50.06544584547578
0.3602013114244193,1.5,-0.3288561354999954,45.80800921540847,3.9985052903603986,49.80651450576887
0.8754839427137455,1.5,-0.34610780762215365,45.83798329607343,3.6341197095609488,49.47210300563438
0.7744423748829128,1.5,-0.2165273559473606,45.859638451449044,3.650149828289095,49.50978827973814
0.1440065219629469,1.5,-1.0585829519101246,45.517661382571305,4.36490393076739,49.882565313338695
0.864190439382173,1.5,-1.0638804462567357,45.522157526599955,4.141537372822754,49.66369489942271
0.7347582006009508,1.5,-0.8335806563537904,45.650723827261565,4.182350300717779,49.833074127979344
0.1752299417181872,0.6605065551349465,-1.2,45.44946250735238,4.473110789446061,49.92257329679844
0.48500203300308836,1.3222878316128233,-1.2,45.440705656390286,4.3799731657770735,49.82067882216736
0.8413619292167622,0.4665277914656872,-1.2,45.45033142774864,4.468945466245508,49.919276893994144
0.8448356022164721,0.8321849392724335,-1.2,45.44723127458292,4.430336273023514,49.87756754760643
0.5028841983066843,0.1709039779139057,-1.2,45.4518694162379,4.496867541190824,49.94873695742872
0.17341072874928726,1.0182972753469117,-1.2,45.44558482231094,4.431902060317164,49.877486882628105
0.14385114958431872,0.28467593774045397,-1.2,45.45166780137554,4.50040376303739,49.95207156441293
0.8376202367904177,1.21875,-1.2,45.44180605511108,4.375275653166412,49.81708170827749
0.7052629262261931,0.18787150663442778,-1.2,45.45163779678916,4.489926060176437,49.941563856965594
0.5875917669823947,0.35087302610055926,-1.2,45.45128060323516,4.486969620885965,49.93825022412113
0.4143146417217965,0.34695477639659283,-1.2,45.45143169391693,4.492628720060338,49.94406041397727
0.49936002636778776,0.5119844034303986,-1.2,45.45033715737385,4.477440990664874,49.927778148038726
0.31843284619329626,0.5061246176426422,-1.2,45.45048813573116,4.4831937501892085,49.93368188592037
0.4089244312132623,0.6731057971211812,-1.2,45.44919434555135,4.46576961605799,49.91496396160934
0.5800744800108322,0.6931535391891657,-1.2,45.448898577566055,4.4579760276504246,49.90687460521648
0.48847330400809663,0.8443634430274036,-1.2,45.447485527737484,4.444391372202581,49.891876899940065
0.291769717038195,0.839553695441406,-1.2,45.44765594971878,4.451258288749912,49.89891423846869
0.38297275050178026,1.008849755256268,-1.2,45.44557923597676,4.427723409652394,49.87330264562915
0.5516880499574015,1.0384853791086857,-1.2,45.44503502285009,4.417030660668672,49.862065683518765
0.3048522214967494,1.178482386621059,-1.2,45.44314472827688,4.407048835238612,49.85019356351549
0.8472878499242059,0.6454482838476518,-1.2,45.44898325874905,4.452212258218715,49.90119551696777
0.8423712832462421,1.0189858168412365,-1.2,45.44502021283334,4.405344256293546,49.85036446912689
0.29536153821336386,0.18755852811619061,-1.2,45.45198281763443,4.502388204073775,49.954371021708205
0.6916131875649065,1.3292953250356343,-1.2,45.44019740016459,4.3669643616377485,49.80716176180234
0.8565772557893454,0.28852732734167197,-1.2,45.45108880978125,4.479708213858231,49.93079702363948
0.14918230367495883,0.4630063433679496,-1.2,45.45092080046395,4.4906231916145956,49.94154399207854
0.6837766735463575,0.5346324278293403,-1.2,45.450102123664934,4.469715427046864,49.9198175507118
0.6732251711507382,0.8876113800602361,-1.2,45.4468127997682,4.431598687569547,49.87841148733775
0.2884540523137842,1.3510265092484042,-1.2,45.440375100789474,4.383251013767065,49.82362611455654
0.4702808611480964,1.1554384824585524,-1.2,45.44332889177629,4.404352801134159,49.84768169291045
0.1439584185091099,1.2220785210287781,-1.2,45.44250086438171,4.405503817665576,49.84800468204728
0.7015045662840117,1.1250000000000002,-1.2,45.44372059151178,4.3978969030547574,49.841617494566535
0.12626180192968173,0.8419082179890378,-1.2,45.44767300106973,4.454161070138383,49.901834071208114
0.8634113274236399,0.13626030527625183,-1.2,45.45152878835588,4.485875275795408,49.93740406415129
0.13311402318888757,0.1334074341435668,-1.2,45.45215875356214,4.506753639181468,49.958912392743606
0.8613948459472051,1.365071169010352,-1.2,45.439337222657464,4.349829891047875,49.78916711370534
0.13741821617306918,1.3663372360820596,-1.2,45.44015373848984,4.385668458831283,49.82582219732112
0.7241134334735212,0.7363761441272522,-1.2,45.44838054065909,4.447521300723203,49.89590184138229
0.2642284958775469,0.35766404065276586,-1.2,45.45139504345229,4.495211479482862,49.94660652293515
0.5966295236158731,1.221780632134905,-1.2,45.442311273820074,4.388860993316484,49.83117226713656
0.7347421768712843,0.3707421986628588,-1.2,45.451018645866675,4.480128632220072,49.93114727808675
0.0,0.287825512310263,-0.9539878941359485,45.45207664127256,4.5038183610831695,49.95589500235573
0.0,0.65625,-0.9623797632095822,45.449800653682345,4.4767382106930285,49.926538864375374
0.0,1.03125,-0.9623797632095822,45.44563317001089,4.433870755564868,49.87950392557576
0.0,0.46875000000000006,-1.0376202367904177,45.451085642844156,4.492413551271852,49.94349919411601
0.0,0.84375,-1.0376202367904177,45.44785154924892,4.4559714795229795,49.903823028771896
0.0,1.2121744876897367,-1.0460121058640512,45.44285663937664,4.409849595056279,49.85270623443292
0.0,1.373469888702908,-1.0676035440518756,45.440198560342424,4.387589236073204,49.82778779641563
0.0,0.12653011129709213,-0.9323964559481241,45.45249287886965,4.509412589432053,49.9619054683017
0.0,0.2842945614246115,-1.096763576087808,45.451916381658215,4.503265921757773,49.95518230341599
0.0,0.65625,-1.099683808339979,45.4496084928997,4.475613165574437,49.925221658474136
0.0,1.03125,-1.099683808339979,45.44550181279921,4.4333940586279965,49.878895871427204
0.0,0.46875000000000006,-0.9003161916600209,45.45122044753425,4.493017163985947,49.944237611520194
0.0,0.84375,-0.9003161916600209,45.447983723872525,4.456667475461401,49.90465119933393
0.0,1.2157054385753885,-0.9032364239121918,45.44289765689333,4.409871088332295,49.852768745225625
0.0,1.371807867253444,-0.9270313620203923,45.44031318054954,4.388681712484697,49.828994893034235
0.0,0.12819213274655578,-1.0729686379796077,45.45237290220214,4.509034066887423,49.961406969089566
1.0,0.287825512310263,-0.9539878941359485,45.45108529916611,4.477593238662173,49.92867853782828
1.0,0.65625,-0.9623797632095822,45.44890898401635,4.446380223050696,49.895289207067044
1.0,1.03125,-0.9623797632095822,45.44466674807344,4.395971295725801,49.84063804379924
1.0,0.46875000000000006,-1.0376202367904177,45.45015368221062,4.464071882847236,49.914225565057855
1.0,0.84375,-1.0376202367904177,45.446952983898115,4.422817929977526,49.86977091387564
1.0,1.2121744876897367,-1.0460121058640512,45.44188982089668,4.367813263786282,49.80970308468296
1.0,1.373469888702908,-1.0676035440518756,45.439005245772755,4.3393517834148625,49.77835702918762
1.0,0.12653011129709213,-0.9323964559481241,45.451425763248935,4.483491386091195,49.93491714934013
1.0,0.2842945614246115,-1.096763576087808,45.4508780290711,4.475586960045703,49.9264649891168
1.0,0.65625,-1.099683808339979,45.44876125704177,4.445207736406886,49.89396899344865
1.0,1.03125,-1.099683808339979,45.44451056014565,4.3947368023911295,49.83924736253678
1.0,0.46875000000000006,-0.9003161916600209,45.45026178768407,4.464982039530938,49.91524382721501
1.0,0.84375,-0.9003161916600209,45.44707948123645,4.423710442147019,49.87078992338347
1.0,1.2157054385753885,-0.9032364239121918,45.4418079786876,4.368272845683272,49.81008082437087
1.0,1.371807867253444,-0.9270313620203923,45.438994038354906,4.34264301239066,49.781637050745566
1.0,0.12819213274655578,-1.0729686379796077,45.451298462405376,4.482507273645936,49.93380573605131
0.7000000000000001,0.0,-1.0267949192431123,45.45213704551109,4.494785355487053,49.94692240099814
0.30000000000000004,0.0,-1.0267949192431123,45.452487673331284,4.506928386908548,49.95941606023983
0.5,0.0,-0.9945340239045168,45.452343013633694,4.500785724912085,49.95312873854578
0.13149033323180492,0.0,-0.946736456632663,45.452641578680506,4.5106977922693545,49.96333937094986
0.868509666768195,0.0,-0.9467364566326628,45.45188218994114,4.489826548361322,49.94170873830246
0.11596242674472199,0.0,-1.0844035870386293,45.45248271497171,4.509993564627713,49.96247627959942
0.8840375732552777,0.0,-1.084403587038629,45.45172698866423,4.488517254312811,49.94024424297704
0.5,1.5,-1.009105469642722,45.4376200403739,4.354165676728677,49.79178571710258
0.30000000000000004,1.5,-0.9795365074011968,45.437829918246415,4.363523949652404,49.80135386789882
0.7000000000000001,1.5,-0.9732050807568876,45.43733062725528,4.342732230880017,49.780062858135295
0.868509666768195,1.5,-1.053263543367337,45.436653718737745,4.328373677946367,49.76502739668411
0.1311918850380389,1.5,-1.0546421553261218,45.43788363502825,4.368669854329717,49.80655348935797
0.11860368830541515,1.5,-0.9189084615390151,45.43800890446053,4.370117712226204,49.808126616686735
0.8840375732552777,1.5,-0.9155964129613707,45.43675237522432,4.329992260789865,49.76674463601419
0.1752299417181872,0.6605065551349465,-0.7999999999999999,45.44982653065137,4.474162667166439,49.92398919781781
0.48500203300308836,1.3222878316128233,-0.7999999999999999,45.44087875789736,4.38160253501561,49.82248129291297
0.8413619292167622,0.4665277914656872,-0.7999999999999999,45.450643609034124,4.470732778623315,49.92137638765744
0.8448356022164721,0.8321849392724335,-0.7999999999999999,45.4475434325728,4.432266265321317,49.87980969789412
0.5028841983066843,0.1709039779139057,-0.7999999999999999,45.45227471625801,4.498076399711259,49.95035111596927
0.17341072874928726,1.0182972753469117,-0.7999999999999999,45.44591936934494,4.433523806145736,49.87944317549068
0.14385114958431872,0.28467593774045397,-0.7999999999999999,45.4521150654627,4.50223924612191,49.95435431158461
0.8376202367904177,1.21875,-0.7999999999999999,45.44211286409743,4.377218487346752,49.819331351444184
0.7052629262261931,0.18787150663442778,-0.7999999999999999,45.452054933028734,4.491407323566783,49.94346225659552
0.5875917669823947,0.35087302610055926,-0.7999999999999999,45.45166305396695,4.488105669524586,49.93976872349154
0.4143146417217965,0.34695477639659283,-0.7999999999999999,45.451817439143106,4.4936650867215135,49.94548252586462
0.49936002636778776,0.5119844034303986,-0.7999999999999999,45.450804293052045,4.479223672984297,49.93002796603634
0.31843284619329626,0.5061246176426422,-0.7999999999999999,45.450911454822524,4.484519945777777,49.9354314006003
0.4089244312132623,0.6731057971211812,-0.7999999999999999,45.44959586513139,4.46703692728078,49.91663279241217
0.5800744800108322,0.6931535391891657,-0.7999999999999999,45.449308109462095,4.459337175149251,49.908645284611346
0.48847330400809663,0.8443634430274036,-0.7999999999999999,45.44790327026748,4.445986862914118,49.8938901331816
0.291769717038195,0.839553695441406,-0.7999999999999999,45.44801646862469,4.452093774797071,49.90011024342176
0.38297275050178026,1.008849755256268,-0.7999999999999999,45.44592121189395,4.429132158827436,49.87505337072139
0.5516880499574015,1.0384853791086857,-0.7999999999999999,45.445373567574315,4.418431862825308,49.86380543039962
0.3048522214967494,1.178482386621059,-0.7999999999999999,45.44340081696392,4.408462289078507,49.85186310604243
0.8472878499242059,0.6454482838476518,-0.7999999999999999,45.4493615015823,4.453990750261006,49.90335225184331
0.8423712832462421,1.0189858168412365,-0.7999999999999999,45.4452460566907,4.407026739167321,49.85227279585802
0.29536153821336386,0.18755852811619061,-0.7999999999999999,45.452431945122825,4.503906566789723,49.95633851191255
0.6916131875649065,1.3292953250356343,-0.7999999999999999,45.44045718931992,4.368748670164258,49.80920585948418
0.8565772557893454,0.28852732734167197,-0.7999999999999999,45.45136992187644,4.481274982300697,49.93264490417714
0.14918230367495883,0.4630063433679496,-0.7999999999999999,45.451316795277144,4.491768333054665,49.94308512833181
0.6837766735463575,0.5346324278293403,-0.7999999999999999,45.45049101047542,4.470890581978445,49.92138159245386
0.6732251711507382,0.8876113800602361,-0.7999999999999999,45.44719746860564,4.432921328421465,49.8801187970271
0.2884540523137842,1.3510265092484042,-0.7999999999999999,45.440560740486966,4.385262253403191,49.82582299389016
0.4702808611480964,1.1554384824585524,-0.7999999999999999,45.443621373758916,4.405946975814658,49.84956834957357
0.1439584185091099,1.2220785210287781,-0.7999999999999999,45.442785230946654,4.4069161848418545,49.84970141578851
0.7015045662840117,1.1250000000000002,-0.7999999999999999,45.44397177676281,4.399151040826581,49.84312281758939
0.12626180192968173,0.8419082179890378,-0.7999999999999999,45.44802495018613,4.455455013063997,49.90347996325013
0.8634113274236399,0.13626030527625183,-0.7999999999999999,45.45180462038635,4.487907912449025,49.93971253283537
0.13311402318888757,0.1334074341435668,-0.7999999999999999,45.45257412421634,4.508357914446918,49.96093203866326
0.8613948459472051,1.365071169010352,-0.7999999999999999,45.43948307148334,4.353415699335528,49.792898770818866
0.13741821617306918,1.3663372360820596,-0.7999999999999999,45.44040140549912,4.38780982543981,49.828211230938926
0.7241134334735212,0.7363761441272522,-0.7999999999999999,45.44872900901497,4.449219186610961,49.89794819562593
0.2642284958775469,0.35766404065276586,-0.7999999999999999,45.45181238287551,4.496578336660882,49.94839071953639
0.5966295236158731,1.221780632134905,-0.7999999999999999,45.44248135007163,4.39034541319117,49.8328267632628
0.7347421768712843,0.3707421986628588,-0.7999999999999999,45.4513671968996,4.481605947884368,49.932973144783965
0.0,0.482954415548461,-2.927333368525438,44.18024674142155,2.9092998119985367,47.089546553420085
0.0,0.8217194773926483,-1.3728561475372096,45.399961425617974,4.295944728314332,49.695906153932306
0.0,0.22674973353566,-2.110046377063761,44.96435867078157,3.6700955430625726,48.634454213844144
0.0,3.4062488437118223,-0.80736041387678,45.62180677081708,1.8077784401359978,47.42958521095308
0.0,1.2168002673609843,-1.3652956884105096,45.39268595008627,4.225579395475307,49.618265345561575
0.0,0.47504925414213545,-1.3815348351035843,45.39895888522606,4.3284919185039215,49.72745080372998
0.0,1.666693309782387,-0.7239054090311416,45.71770751379682,3.941201071470317,49.658908585267135
0.0,0.15915485125665219,-1.642117338086142,45.27708634870664,4.107988584397013,49.38507493310365
0.0,2.838348323035107,-3.5555385959768717,43.30393050799954,1.7604191276483547,45.06434963564789
0.0,6.056624327025936,-2.5,43.74710439439655,1.0699175325096988,44.81702192690625
0.0,2.509871020990503,-0.7737219002544675,45.734388119156215,2.4658082453157277,48.20019636447194
0.0,2.762080445651991,-1.4646670761382339,45.38398723508327,2.211140807288835,47.5951280423721
0.0,3.641362820522423,-1.8176957638598354,44.97127071193621,1.6786268349266962,46.6498975468629
0.0,1.6682167445243807,-0.3786628373551162,45.81024778409366,3.8330004621507854,49.64324824624445
0.0,2.19678484064306,-1.178329709016713,45.56609874974618,2.800785574357043,48.366884324103225
0.0,2.203235103173271,-2.0010016004374056,45.0185363841779,2.6017459987514187,47.62028238292932
0.0,1.663621541965811,-1.1048161174016364,45.57176842572763,3.840788451366997,49.41255687709463
0.0,1.6326546954946912,-1.3196563957155876,45.41251659191294,3.772872820204121,49.18538941211706
0.0,4.571541640467561,-3.5407431072105995,43.05455341722252,1.3124508750222432,44.367004292244765
0.0,1.3784483029496677,-3.852048737051435,43.009979826333165,2.073845420716694,45.08382524704986
0.0,4.481732888223204,-1.0740632486370059,45.2215935907644,1.4118555408621773,46.63344913162658
0.0,0.3195747183981827,-2.4615652544336157,44.66854096971847,3.3326733707712677,48.00121434048974
0.0,0.5694592074040823,-2.227496988796762,44.862489308247,3.521722581734913,48.38421188998191
0.0,0.4786260338565508,-1.8870533363762911,45.12216308367896,3.853540152638459,48.97570323631742
0.0,0.8238203578765005,-1.9983918519450343,45.034858017558,3.6903585272246033,48.725216544782604
0.0,0.9393963183906627,-2.359977856918252,44.73903977107398,3.2930152777099053,48.03205504878389
0.0,1.2286126576861898,-2.0421890895048818,44.9973856643867,3.4507692971894883,48.448154961576186
0.0,1.357684091420521,-2.5409623040908595,44.57301705034208,2.8949716746456176,47.4679887249877
0.0,0.7441055394504454,-1.6736288596219078,45.25379135054081,4.024610963225207,49.278402313766016
0.0,0.5513479859492008,-3.6015255913780395,43.37354682452891,2.3954861106023415,45.76903293513125
0.0,0.16798261856692442,-1.8482183376727797,45.152371937420966,3.9168532626562538,49.06922520007722
0.0,0.49335788010892584,-1.6164403921874353,45.29106476140045,4.11127839447375,49.4023431558742
0.0,0.6499030825302005,-1.4795426151468085,45.351734323613734,4.218123482204014,49.56985780581775
0.0,0.31342010643015433,-1.5234151366298252,45.34041365957044,4.2106342262422345,49.55104788581267
0.0,1.093169716211758,-3.115603983290789,43.96916375084783,2.5903745689152657,46.55953831976309
0.0,1.6648633207220374,-0.9144483522049018,45.65380136657774,3.9562120818289515,49.61001344840669
0.0,1.8483571953114322,-0.8237104634931605,45.71789299548962,3.4715300583981303,49.18942305388775
0.0,1.425441777648901,-1.3530816723711694,45.38667174907225,4.163746995908788,49.55041874498104
0.0,1.5492324068277699,-1.507135406299934,45.31876693089639,3.753446925427589,49.07221385632398
0.0,1.3407971616197811,-1.5302255429291143,45.3119472130893,3.9535803870543162,49.26552760014361
0.0,1.7807954691114214,-1.4672985989107756,45.355475122465,3.3949863636003244,48.750461486065326
0.0,1.132183782883513,-1.5474374019291002,45.315893136413585,4.052844275837828,49.36873741225141
0.0,1.46772872404046,-1.7813255303656326,45.16420864997545,3.550812344296453,48.7150209942719
0.0,1.8125669417385712,-1.7528973132921202,45.18384199996911,3.176758822550063,48.360600822519174
0.0,1.03125,-1.3623797632095815,45.40211389590964,4.27070523604737,49.67281913195701
0.0,4.70284532553523,-2.161557861719249,44.409551733698166,1.320072654342269,45.729624388040435
0.0,1.6675574090922596,-0.5393457283071204,45.773386403800444,3.881944324848085,49.65533072864853
0.0,1.8714960530460758,-0.4759494873414223,45.81495951724126,3.447384408763263,49.262343926004526
0.0,1.6683977471842093,-2.1530049747240727,44.90302641362015,3.0268568222147394,47.929883235834886
0.0,1.9405589650462431,-2.799654010653536,44.311190693557585,2.4180970205818966,46.72928771413948
0.0,1.880937907671905,-1.2838405887397335,45.491130218783766,3.2729718997375556,48.76410211852132
0.0,1.8803562319622544,-1.0656464200799318,45.62136034806103,3.356626149410687,48.97798649747172
0.0,2.0904670086396213,-0.9076159852781283,45.695186249362145,3.00947935026484,48.704665599626985
0.0,2.0600533052241996,-0.6639657295727996,45.78390604892202,3.087615820105981,48.871521869028
0.0,1.8228314544912707,-0.645375363549129,45.76715183107841,3.5412089084587848,49.30836073953719
0.0,0.1454647458599169,-1.4679990349491705,45.35852059746354,4.2658285221040515,49.62434911956759
0.0,2.208785217792752,-0.3743611526498061,45.860450343858034,2.8918923971399835,48.75234274099802
0.0,0.2741005462135854,-1.347202097315015,45.41163960319088,4.371010222659379,49.78264982585026
0.0,5.973298786242394,-1.2337146295038206,44.6894544853025,1.0838283557305246,45.77328284103302
0.0,1.0098446651380695,-1.764699125029312,45.1939030864067,3.8579068145183726,49.05180990092507
0.0,1.2358333982736027,-1.7331753379516086,45.20598587071303,3.7788483267378155,48.984834197450844
0.0,0.9214561206805025,-1.5421047144953675,45.32556038789656,4.114401531296821,49.43996191919338
0.0,2.811973116269102,-2.452471760832726,44.55334748345714,2.0392474273279504,46.59259491078509
0.0,0.3225082980438415,-1.703448908190495,45.241492744239544,4.040249894477604,49.28174263871715
0.0,3.7132142451658847,-2.705601417919856,44.18322830567022,1.6049165269320298,45.78814483260225
0.0,1.828531377467935,-0.24019212632392062,45.85212673846659,3.5217270663761795,49.37385380484277
0.0,0.6638327579906051,-2.543648953701104,44.58148284249286,3.1935173719734777,47.77500021446634
0.0,0.655100573410297,-1.324816333156563,45.415569151116415,4.361205151416634,49.77677430253305
0.0,6.255819290793519,-3.821650868809374,42.07912566690929,1.012707810085523,43.091833476994815
0.0,0.13101048176191088,-1.3284358035591182,45.415230761372776,4.3929643441505775,49.80819510552335
0.0,0.7842960550134491,-1.5170330842003237,45.33409460095362,4.163974640693418,49.49806924164704
0.0,2.122177100458727,-1.551762832777098,45.33499080408813,2.8048986837782763,48.139889487866405
0.0,0.9565690943446801,-2.7192355822160623,44.39510988240175,2.9574276238711477,47.352537506272895
0.41749735155058204,0.0,-2.947403607504857,44.16201982386197,2.8841305500449863,47.046150373906954
0.24185189393780204,0.0,-2.091582308599034,44.97545667578904,3.6690397825406578,48.6444964583297
1.167649161771747,0.0,-1.103862906184252,45.572602310764836,3.9909186669175156,49.56352097768235
2.8461353913154217,0.0,-0.77460266016472,45.67706333601592,2.052570331438453,47.72963366745437
1.163806264913772,0.0,-0.7232424418059988,45.716636226567445,4.124435615859532,49.84107184242698
0.7012178288869545,0.0,-1.3731987108778787,45.40416232567093,4.304323206593992,49.70848553226492
0.17302800203409707,0.0,-1.6462622415666686,45.27474346876477,4.100329630467982,49.37507309923275
2.5225628559933537,0.0,-3.910797111813676,42.76003121900596,1.7658938168498182,44.52592503585578
1.9832372115693735,0.0,-0.5985533088703514,45.80577232076472,2.7610615734243638,48.56683389418908
2.334429853502462,0.0,-1.3191097757784753,45.47461835685112,2.3810857933717813,47.8557041502229
3.1053168814857557,0.0,-1.743717812326521,45.089867244287895,1.9333745021686966,47.02324174645659
0.2968519284159342,0.0,-1.3533573010694866,45.41242943441805,4.364420817252437,49.77685025167049
1.1790988910605413,0.0,-0.2760129893947125,45.82935646281968,3.9837017974514453,49.81305826027113
1.7493566950263704,0.0,-1.1771079028123275,45.5758596598369,2.9337684088848164,48.50962806872172
1.1844527325635514,0.0,-1.2910042340061798,45.46021285634179,3.8434660468010833,49.303678903142874
1.8957805848644775,0.0,-1.7535446028663575,45.214781380628,2.689741434905393,47.90452281553339
0.2783550061443919,0.0,-2.4354985941045584,44.69185387983542,3.336603116667277,48.0284569965027
0.557335447188412,0.0,-2.235336575898436,44.85492695174841,3.4703117005553636,48.325238652303774
0.4907769604884208,0.0,-1.887026981291954,45.125797866808625,3.820432299025242,48.94623016583387
0.8348058717035222,0.0,-2.03490157422808,45.012980287694965,3.507271762814973,48.52025205050994
0.9484619978552323,0.0,-2.4692747796378494,44.64823193816264,3.0611636912426476,47.709395629405286
1.3191237826226785,0.0,-3.8308006600774798,43.014153571981986,2.085706221534217,45.0998597935162
0.5508755995403148,0.0,-3.574587152134871,43.36799558704351,2.4560099430057747,45.824005530049284
1.3616920617351878,0.0,-2.027473970599697,45.00864426220973,3.0993738513232856,48.108018113533014
1.4541714063610536,0.0,-2.6240748302251036,44.47131622230803,2.713802079820347,47.18511830212838
0.20637142281837134,0.0,-1.8429637352665145,45.150037957235384,3.910390601075129,49.06042855831051
0.905965483487593,0.0,-1.3860909939712571,45.392377995163436,4.221825176999957,49.61420317216339
1.074029553315587,0.0,-1.5321792455194387,45.329020877607235,3.821811161854903,49.15083203946214
0.783460920112995,0.0,-1.5422409112708282,45.32765128491619,4.08039443899807,49.40804572391426
0.5589539817482101,0.0,-1.6043279445444223,45.29928488805937,4.087602038537597,49.386886926596965
1.3426254810660885,0.0,-1.1979156535220432,45.54470805282904,3.5639179279743303,49.10862598080337
1.3392736802795981,0.0,-1.3995737230821934,45.425389459535026,3.4872878337987956,48.91267729333382
1.3342145158463103,0.0,-1.004095333604313,45.64179807340877,3.6600514682237417,49.301849541632514
0.4922357112559991,0.0,-1.3798922332803532,45.397493313142824,4.326118135621137,49.72361144876396
0.3519826686789166,0.0,-1.5362666218884233,45.333977242287546,4.189329168988827,49.52330641127637
1.1648633207220367,0.0,-0.9144483522049018,45.64994072693973,4.113990478529317,49.76393120546905
0.15914408044516284,0.0,-1.4663599643417315,45.36313778377481,4.267395702648528,49.63053348642334
3.889667899792168,0.0,-1.1032972564845345,45.228055127091615,1.630212262472142,46.85826738956376
0.3562226071536032,0.0,-1.7033695049115969,45.24023132209103,4.025120530584481,49.26535185267551
1.2591723255708458,0.0,-1.623802196920476,45.28782034673709,3.48566508876047,48.77348543549756
0.707333209765932,0.0,-4.276697210658817,42.38315540537059,2.0103566569812443,44.39351206235183
1.039903893498747,0.0,-1.7923871848488848,45.18323648148318,3.5838429106735035,48.76707939215668
1.299158608073636,0.0,-0.8322275664393715,45.69840975137616,3.7720747953719282,49.47048454674809
1.5404486130166435,0.0,-0.8290369394831991,45.72391591882008,3.301066516452785,49.02498243527287
1.5736396641013561,0.0,-0.473298992900399,45.822445032425804,3.334632867039936,49.15707789946574
1.497098909335649,0.0,-1.1013999742769753,45.6071247372232,3.3095016647487228,48.916626401971925
1.4898631336557695,0.0,-1.2778079224871246,45.51101937760081,3.2821596383765694,48.79317901597738
1.5158564135220414,0.0,-1.543218386461363,45.35197711621056,3.177728511902039,48.5297056281126
1.3445786215554105,0.0,-0.6382597058908317,45.765116336084326,3.69950206180701,49.464618397891336
1.1662065177459673,0.0,-0.5309623851009393,45.77373673018326,4.055196469984843,49.8289332001681
1.3695396923198935,0.0,-0.3837068146573772,45.82936669203231,3.6857507514715735,49.51511744350388
0.777642192275284,0.0,-1.749125054799613,45.21028383500364,3.8441586016068072,49.054442436610444
1.0350203298557736,0.0,-3.0195442027486967,44.05309716460298,2.641259293800303,46.694356458403284
4.024828633002197,0.0,-2.4999999999999996,44.27535605347197,1.5821953394248212,45.85755139289679
3.7794241334529968,0.0,-3.7744159132254502,42.70631544540808,1.5031380649652633,44.20945351037334
2.4956057366274256,0.0,-2.0105607211310152,44.939232222503044,2.211318864221873,47.15055108672492
2.8394844180694188,0.0,-2.772403715434877,44.196894877620274,1.9371341728625637,46.13402905048284
1.97651103692277,0.0,-2.3803912363850044,44.672357636204694,2.4419538618882086,47.1143114980929
0.6063630528389138,0.0,-2.61017064861218,44.532114926671355,3.1055282274498097,47.637643154121164
0.13300188354202921,0.0,-1.3262755516274707,45.416013330727516,4.394623187050776,49.81063651777829
0.9162004085380412,0.0,-1.6004046780820045,45.29464205805561,3.9135965762707983,49.208238634326406
1.857812304970841,0.0,-3.0896686261141397,43.94674294826532,2.255846387997785,46.2025893362631
1.1909706563203775,0.0,-1.4524801165481867,45.37411360696422,3.7274597513920256,49.10157335835625
1.062636511801996,0.0,-1.370104375391552,45.40145073495048,4.034406954554136,49.435857689504616
0.9609123002809847,3.3252594918166425,0.0,45.78144037665348,1.7821875339796875,47.563627910633166
2.816096425122407,0.8073182535707111,0.0,45.870707213999225,2.03510571171617,47.905812925715395
2.53952335212527,6.06871089807313,0.0,44.88612753005715,0.9841386397160719,45.870266169773224
1.4892809393094502,1.1895043771652531,0.0,45.91040143687316,3.1058196293032907,49.01622106617645
1.4359767464468487,1.8171130992681497,0.0,45.90336690472759,2.6929077658441756,48.596274670571766
0.7669163297998246,1.9329574503423381,0.0,45.90315751580754,3.066825667695376,48.96998318350292
3.236096315504698,3.0076089845794995,0.0,45.783045097692536,1.4561612894640845,47.23920638715662
1.8653189723355594,0.6414308802338573,0.0,45.894487933884434,2.8717001945658254,48.76618812845026
3.45348710374886,4.635881869357732,0.0,45.33839488579093,1.1399610834109524,46.478355969201886
2.1181441488520028,1.4310111890964916,0.0,45.89505523237849,2.3692253079763077,48.2642805403548
2.136831615935252,2.271647267042022,0.0,45.88309798195171,2.0565317891159793,47.939629771067686
1.09611634486214,4.578828153128794,0.0,45.59249237810101,1.348630310006783,46.94112268810779
2.1072237184603013,3.9225706583453523,0.0,45.572901307911415,1.406458929048199,46.979360236959614
1.26260837639972,2.4856614306657274,0.0,45.86306661405694,2.315160788237691,48.17822740229463
3.2141113669441506,1.7198160312561106,0.0,45.783566337986784,1.667029561573905,47.45059589956069
1.3801171698260974,0.7327484956529708,0.0,45.88339420233903,3.538054556313405,49.42144875865244
3.977499696250546,0.9263104932479405,0.0,45.53904330846679,1.5558128974996492,47.09485620596644
0.5400728344134214,2.4237101822346516,0.0,45.90249238589304,2.5734416959921163,48.47593408188516
2.091774987401507,4.9871228739720745,0.0,45.35717183430969,1.1800636265066942,46.53723546081638
1.232346891842597,6.038875350307331,0.0,45.03235438057653,1.053033054225537,46.085387434802065
3.8216508688093755,6.25581929079352,0.0,44.562543789991196,0.9022635288148066,45.464807318806
1.7956766783400944,3.066178491188701,0.0,45.77276173128016,1.7691817987111733,47.541943529991336
0.361397832842649,1.8900363872794688,0.0,45.89033944704387,3.2993041396337546,49.189643586677626
1.36592218185957,0.3748358751773656,0.0,45.87942509244458,3.6314197964972337,49.51084488894181
2.5,7.5,-3.5240414685174146,41.87107019953198,0.8368788319257376,42.707949031457716
2.5,7.5,-1.474746876424108,43.76662751905807,0.8207603881767298,44.5873879072348
1.2371995914194756,7.5,-2.499798057490254,42.983257629218365,0.8650423481498635,43.84829997736823
3.7628004085805244,7.5,-2.499798057490254,42.698002271991776,0.7835355915321713,43.48153786352395
3.7884012257415716,7.5,-3.7884012257415725,41.17994653744319,0.8110623150247349,41.99100885246793
1.2115987742584264,7.5,-1.211598774258427,43.97114590978712,0.8476833697129891,44.81882927950011
1.2115987742584275,7.5,-3.7884012257415725,41.63305373703469,0.8664554128109074,42.4995091498456
3.788401225741572,7.5,-1.211598774258428,43.61665483768884,0.758921513643088,44.37557635133193
5.0,6.100413727510206,-2.552373566554687,42.755242318491376,0.865243285713845,43.62048560420522
5.0,1.443375672974064,-2.499999999999999,43.86585414962484,1.336100636013235,45.20195478563807
5.0,4.84417887570054,-3.596566073270899,42.072913716810966,0.991530766872387,43.06444448368335
5.0,4.616915478061367,-1.7313385258669385,44.101961568540126,0.9912162105056552,45.09317777904578
5.0,2.9304964524253108,-3.4420115703623626,42.68461626391501,1.1668848746034683,43.85150113851848
5.0,2.6916628943651455,-1.439507814604276,44.62317066205738,1.200781115230697,45.82395177728808
5.0,6.255819290793518,-3.8216508688093738,41.292376877850145,0.8709513489114755,42.16332822676162
5.0,6.268465841114313,-1.190075751817659,43.78827731977764,0.8328940130106872,44.62117133278833
5.0,1.2441807092064816,-1.1783491311906267,44.772125858944754,1.31786382749371,46.089989686438464
5.0,1.2441807092064834,-3.821650868809373,42.31052821094111,1.3289543598472164,43.639482570788324
0.9485875404945789,1.03125,-2.166557996120885,44.908250833087614,3.133730114483363,48.04198094757098
0.9592812377476339,2.504912696578224,-1.1048161174016349,45.623193030128526,2.2922377831093854,47.91543081323791
2.845283613037805,2.179752293615901,-2.226122118199872,44.735138281157596,1.6779003250919615,46.41303860624956
1.9989672693771523,0.9537410614717745,-0.9791144701604589,45.694477044565886,2.552924233772231,48.24740127833812
0.5883406528422008,1.324817341077305,-1.7885995594868214,45.180592636650104,3.563701882500574,48.74429451915068
1.5522380385578458,0.546986806423263,-0.9869287197562429,45.67751718325202,3.196927184977163,48.874444368229184
0.8966383153842501,0.5542553953574,-1.7573829036789226,45.212051952804906,3.7012561200712923,48.9133080728762
1.5667444755333233,0.84375,-1.660667816382054,45.28614826431647,2.912856988533605,48.19900525285008
1.5083147685820273,1.03125,-1.1655831178001943,45.579555755839934,3.078460584681565,48.6580163405215
1.9249389831309107,1.9987489781715517,-1.1048161174016349,45.60149433916329,2.1667098612826194,47.76820420044591
1.605571861796046,1.4484450793913917,-0.7240805870081741,45.77443120543244,2.7979821561834797,48.57241336161592
0.5896942256538702,2.086003336800603,-0.74624712015551,45.765527102306294,2.939498439588725,48.70502554189502
1.4629527684958488,0.9021869623313299,-0.6838248054361622,45.780964337532374,3.312387831602223,49.0933521691346
1.377794506089956,2.0879229307090013,-2.103530159286117,44.94588534752107,2.287137272043566,47.233022619564636
1.4124516255175585,1.40625,-1.6054135663932958,45.30563606156417,2.9142035286333083,48.21983959019748
0.9485875404945789,1.03125,-1.668040395941244,45.25182651949897,3.6576023311658545,48.909428850664824
0.7,2.025525625674123,-1.6788757985052865,45.24769856357896,2.7622022647153273,48.009900828294285
0.95983629426144,1.9249324108898151,-0.9144483522049045,45.702460243721674,2.9961019640179316,48.698562207739606
1.2868073441190997,2.0041749068127253,-1.4481540664026582,45.41489075961198,2.56048782365081,47.97537858326279
0.4448580837941832,0.4356429053577884,-1.63926316234455,45.284475739349816,4.054331958225475,49.33880769757529
0.390481208437528,0.8272480529922325,-1.5862925505049756,45.308822447540486,4.059300815674,49.368123263214486
0.5117488780613709,0.7092336917010706,-2.0912795935408113,44.98389835894439,3.5296070527418237,48.51350541168621
1.382053338334304,1.40625,-1.1564508095363344,45.57676044775756,3.1286568164178092,48.70541726417537
1.324837230692675,1.7344067366532083,-0.9144483522049045,45.70146189055156,2.9253116743646927,48.626773564916256
1.1742136124729206,1.8907378793717262,-0.5337128218114436,45.825857762892745,2.893610563786112,48.71946832667886
0.9562858162292536,1.40625,-1.572880296600722,45.298208502505005,3.5731083644462984,48.871316866951304
0.8088187234636812,1.8679419273964541,-0.4244724729342252,45.847408699668655,3.177671263759649,49.025079963428304
0.5,1.9233166129004353,-1.1435741923266276,45.584287068433575,3.163636344975835,48.74792341340941
1.264041491174405,1.03125,-1.4564586708247296,45.38601965951518,3.3928898463969617,48.77890950591214
1.372996272198821,0.65625,-1.3371603314265184,45.477480398683866,3.371653604385031,48.8491340030689
1.183906228604253,0.3823916800175755,-1.5488262301464568,45.3243367485587,3.630935982323443,48.95527273088214
1.9521388886069333,3.9890855776048415,-1.9825374109689347,44.862211382226604,1.4388920703982464,46.30110345262485
1.4294706473415408,0.429711138886752,-0.5788009907419174,45.79483916916081,3.5231806630648848,49.318019832225694
1.35395388966622,1.1811809443824124,-0.8796483523327384,45.70533865310559,3.3661430430441115,49.071481696149704
0.9,1.8878811795129478,-1.3295017741544404,45.46689862740235,3.043072769681345,48.509971397083696
0.7,1.6504883398288874,-1.510726744646669,45.32319786483233,3.475774232283783,48.79897209711611
1.3244152803426412,0.30993365409612755,-1.2276434837930523,45.52776568012878,3.5651808719966027,49.09294655212538
0.6267528107101494,1.081471675562663,-1.5393714356599661,45.328185673237314,3.999440227966673,49.32762590120399
0.7796047427772457,0.7904166151843116,-1.5200771365857675,45.33313958520043,4.052713784976589,49.38585337017702
0.8667259184460429,1.6749124464586291,-1.9585650325002433,45.0585967957095,2.9208783335842554,47.97947512929375
1.1072843756066764,0.7454393003692033,-1.5129175968181638,45.342393468332006,3.7234818171622237,49.06587528549423
0.6680232404141779,1.8017308299317112,-0.903930277524203,45.696772993043496,3.412134351911668,49.10890734495516
1.8408257452812968,1.3054998632503483,-2.4897938110047937,44.614468596412095,2.2876544104688747,46.90212300688097
0.8981613780143328,0.38173243091862746,-1.4765185726589558,45.356928194189784,4.092413088657693,49.44934128284748
0.9308103716008188,2.150260368666393,-0.6256108338737725,45.81335103917693,2.716700703148014,48.53005174232494
1.3272598825163606,2.1839373765365564,-0.8458114895956993,45.727225306465144,2.4480077123525135,48.17523301881766
1.6518342865610496,1.915757647542795,-0.6072905023045474,45.81511804899559,2.466602666183668,48.28172071517926
1.1160143286189719,1.779242181002288,-1.1374518668707445,45.59133814142281,3.0708436302480493,48.66218177167086
1.129706151040705,1.6750788946070225,-1.4600123947388608,45.36357228576129,3.090535191594512,48.454107477355805
0.362694605934207,1.7683884425420298,-1.4426608378678576,45.37117568736774,3.404281770883756,48.775457458251495
1.4612411876782252,1.7495022204727122,-1.252924416437985,45.534192956168226,2.6600730645113018,48.19426602067953
1.9445439841862306,1.418124487673305,-1.3438762763004903,45.49437508636106,2.387345890630904,47.881720976991964
0.3343624240683042,1.8313186730957116,-0.864546119882267,45.7071724114311,3.4468965946120775,49.15406900604318
1.3285444442727783,1.1846121802161407,-0.53362497646692,45.816827936779944,3.3947837155042393,49.21161165228418
0.33720820794307377,1.2686087021740455,-1.5312884185598148,45.32682381675773,3.9774364486714333,49.304260265429164
1.1031916386069431,2.139060461732655,-1.1677237486472358,45.582979566951124,2.567311667219492,48.150291234170616
1.3134857721786797,0.8757515931768771,-0.9652833139928103,45.6637192608463,3.5824552493346573,49.24617451018096
0.5001007828510876,1.8129756394401717,-0.5770147223398453,45.7953630442848,3.456894883604207,49.252257927889005
1.2954356385171224,0.6496286891719324,-0.7528022847479683,45.73686025611916,3.7004655927023364,49.437325848821494
1.3408485068041038,0.7201541308246817,-0.42104814519342887,45.83215667836265,3.6015011976956472,49.4336578760583
0.6099186127067278,1.370641370327512,-1.4809487701010413,45.34413741578658,3.940176632970214,49.28431404875679
1.3220775763043253,0.35105699625673625,-0.8730848743774462,45.69697753186224,3.678117797557256,49.375095329419494
0.4604120794238158,1.7228996230602256,-1.8515351084236509,45.12848343009869,3.1507982706592728,48.27928170075796
1.2630807733850729,1.4465891816861922,-0.9043986120499683,45.69292777752098,3.332041764514031,49.02496954203501
1.814371015699746,1.1254400553492308,-0.38837820244304894,45.87203352855433,2.7354622096426695,48.607495738197
0.6073733114087498,0.6773679786900846,-1.7575372687425603,45.21090754335599,3.8554709025630913,49.06637844591908
1.5835750179966657,0.3939550892093225,-1.5533720085849494,45.355372427460395,3.0512393218197573,48.40661174928015
0.2787342582566026,0.27241714224417374,-1.472859723586025,45.3666761257518,4.2502962287268815,49.61697235447868
1.2851016247198135,0.6259553963850802,-1.8604363181743175,45.14567859511514,3.195888239279398,48.34156683439454
0.6707145930226293,0.998410147891948,-1.8736232874351515,45.12835187299193,3.6144752508461266,48.742827123838055
1.2028907514986145,1.40625,-1.3832175852417972,45.411791880013766,3.408178786638466,48.81997066665223
1.6212244923869155,0.8460633157532861,-0.9442603563702034,45.69655479574877,3.0410449186342206,48.73759971438299
1.8196310550335253,0.6928372830805991,-1.3162994073888745,45.51381178879634,2.755055785061174,48.26886757385751
1.3087587106783227,1.0980910031083817,-1.8640800483790967,45.13427953263589,3.0397401882396196,48.174019720875506
0.26562208132549076,1.765984256914158,-1.1307367620188935,45.577481458281746,3.5533589347270578,49.1308403930088
1.886359868179297,0.6513191337098223,-0.5568077773543996,45.824889725393945,2.793259540619104,48.61814926601305
0.6597009040850625,0.5357346298419587,-1.4829136157043632,45.3576320954918,4.155047777480412,49.512679872972214
1.3240643384390671,1.5946216172823657,-0.6063250864798013,45.805321752765664,3.0755907190110605,48.880912471776725
1.2897368716003947,1.4296114572527978,-0.342162820826127,45.864524127705316,3.2159094159475217,49.08043354365284
1.7886119455353466,2.912886082312871,-1.6017217177742986,45.30270879339377,1.7897029765549064,47.092411769948676
1.2623504636689664,0.5600134709292282,-1.0960449157285248,45.59685008027968,3.718818382789223,49.3156684630689
0.6391365819279813,0.3503549291960457,-1.9644274470950451,45.08264691975502,3.6677560417656423,48.75040296152066
0.6800280132890801,0.7093479318891975,-2.7995834089162237,44.34879414194486,2.824210385323518,47.173004527268375
1.639693332933513,1.2803520136781907,-1.0013350243867278,45.672882460154305,2.7936965877679114,48.46657904792222
1.0999328301087976,1.748433934087798,-0.7569258328564117,45.7545279141634,3.1505027184332377,48.905030632596635
0.27904227310298957,0.5927087070098712,-1.4687093676109595,45.36434724961798,4.2255471569116665,49.589894406529645
0.7479538510056831,2.1910774405286633,-1.0670899683873811,45.64057742273562,2.6981400938403226,48.33871751657594
1.2658877796933723,1.1578427101233513,-1.138894436233154,45.57488112348876,3.4959428887291537,49.07082401221791
1.2629781616248341,0.880209542233471,-1.231478152597927,45.515202335003416,3.5944609533893725,49.10966328839279
1.5839593968509893,0.6383034692430035,-0.7117687836000113,45.77245262755562,3.2034697702419948,48.97592239779762
0.848712412449834,1.7648581608027092,-1.0976321692148199,45.606289632191924,3.369442851283523,48.97573248347545
1.0382297243253285,1.1764580347953006,-1.460739743485251,45.35771203869943,3.8173519267324707,49.1750639654319
1.430147133045971,1.2182393481173563,-1.347945456711928,45.47012495662088,3.0862072056373293,48.55633216225821
0.8337270705734251,1.7727860632346624,-0.6836196581627855,45.77242729420357,3.35726277891672,49.12969007312029
0.5544251279546453,0.2577534233792875,-1.4581942487409043,45.36861173754296,4.241862396928653,49.610474134471616
0.7076106217592419,0.3399316040755676,-1.681221079718382,45.256594598691905,3.941048858150019,49.197643456841924
0.9856215326987603,0.2805371613148329,-1.732575821509972,45.22362741342483,3.685540768631803,48.90916818205663
0.30000000000000004,1.5131875221383708,-1.4426606944850993,45.35166538313261,3.898703200306649,49.25036858343926
0.25269620325991204,1.022035814835197,-1.4586753886194495,45.362883077876944,4.1614572850382245,49.52434036291517
0.6662660101317653,1.7786441271949989,-1.2849164895295382,45.478644363712455,3.3424289037307275,48.82107326744318
0.2869372027763531,0.6448934397873852,-1.8464000848221507,45.15509662599545,3.8502973605032196,49.00539398649867
1.4745579666648936,0.8927667996925815,-1.3852410622301539,45.450410711154014,3.123276777764488,48.5736874889185
0.30183718137628535,1.065340495993397,-1.7585636743494877,45.21106360840135,3.8194017115237173,49.03046531992507
1.2502355797153184,0.9357843552144499,-0.5365870672907906,45.803660724936414,3.678519934461164,49.48218065939758
0.26463939149242655,0.256816613272739,-1.748411969192843,45.222239444256715,3.98803545133606,49.210274895592775
1.5917078509531057,1.593290311753253,-1.0102542159412269,45.67031632192649,2.680377597356973,48.350693919283465
1.7704700194822167,1.8497479653294537,-1.7400947829122646,45.21431268558669,2.309109450898511,47.5234221364852
1.1453132243754147,0.22019820073105967,-1.3824558577114303,45.3991915010723,3.8961000988819805,49.29529159995428
1.240234663862836,0.23908534936983802,-0.6521196047663187,45.756883513195454,3.878362994946258,49.63524650814171
0.6040937465544943,2.189365844421191,-2.3507329020184664,44.74510953784915,2.384613469453491,47.129723007302644
1.2769549319297178,0.44317632897943743,-0.31813153395292354,45.83620680940929,3.7864320494461623,49.62263885885545
0.9645078846475307,0.9330469510363497,-1.4432264292715646,45.3579021894966,4.031835304199937,49.389737493696536
0.9024013471651302,1.645959559864919,-1.3717075158611383,45.383355454077005,3.624442222405733,49.00779767648274
0.9210387417952645,1.8124313156928054,-1.6103428521050185,45.283986870341664,2.99312947293442,48.277116343276084
1.431908703322937,1.737541854788199,-1.583967268119767,45.3204228476617,2.668065463613779,47.98848831127548
0.26538917203100054,2.0062838252705566,-1.3000331726893584,45.494238944686366,3.0347185802908143,48.52895752497718
0.27874278865940355,2.007332945951151,-1.0433732788047316,45.641862057871,3.088907508952552,48.730769566823554
1.5666070760649184,1.167904026437407,-0.68993934619995,45.7898653253379,3.01556969588804,48.80543502122594
0.7995654441339843,1.2226093766995205,-1.4408776182715688,45.37007808026965,4.018696198185353,49.388774278455
1.237745676383838,1.3709789073496745,-0.6696310009750619,45.77002926275561,3.43415188080305,49.20418114355866
0.2511958736661911,1.7461167282078363,-0.6299247410781607,45.76737474865358,3.706216044672445,49.473590793326025
0.3180769662405308,2.0309397633879036,-0.6503059726472272,45.79227817226923,3.1092279131583282,48.901506085427556
0.5510250961347205,2.1155201118604663,-0.3905247291941635,45.86141403003829,2.9476043931022815,48.80901842314057
0.6252350904295623,2.6956908142441245,-0.6117860687863951,45.795575007127255,2.267529492648805,48.06310449977606
0.29049142537089007,1.9069240722745575,-0.3638246787451044,45.846799835960034,3.3450736342937972,49.19187347025383
0.4526951266867252,2.237721216654792,-1.1820449575947811,45.572121383935745,2.7135739562458454,48.28569534018159
0.5697491931287884,0.8726266449168031,-1.4278242002757633,45.37831706751678,4.196196533121828,49.57451360063861
0.9208440515834203,0.6173089863190174,-1.4283228248970121,45.37684395023322,4.126621391523365,49.50346534175659
3.038708403406889,5.4617339921811725,-3.0617626407969354,43.244846647031515,1.039793458233369,44.284640105264884
1.3791748767847178,0.2059659624071573,-1.4788570222689985,45.385032072511024,3.3867319506983122,48.771764023209336
1.2268157647580673,1.5805158954478575,-1.217960862070911,45.52004555009857,3.2814800092112577,48.80152555930983
1.4200252858594113,1.531616364736944,-1.370610726647028,45.452388773259,2.912939643066217,48.36532841632522
1.186742998512005,0.5033399256866057,-1.3403899619374542,45.42465541442592,3.8140434945591934,49.238698908985114
1.2384866104594958,0.9984233944776021,-0.7703096984691414,45.72954507945896,3.7028368510238536,49.43238193048281
1.5239172867399906,0.2754770291678287,-1.053281023712645,45.63543231512658,3.2619475506243063,48.897379865750885
1.6579894527146504,0.3389515379691264,-0.775518974750575,45.7533644992597,3.1088418457070333,48.86220634496674
3.2865202953163157,1.255125619111764,-1.2695708395629313,45.394626218006344,1.7493972842396133,47.14402350224596
1.2338847531793022,0.22600423730419114,-1.057910530383106,45.606263192977245,3.8396684886660495,49.445931681643295
1.6463219738798036,1.388749208923952,-1.2669791860254664,45.52622295435677,2.727084896788689,48.25330785114546
1.7346173422403837,1.097651435878634,-1.3982999454459595,45.454016751675326,2.7207433943938852,48.17476014606921
2.4855108898318914,0.9289180587965976,-1.9254787854217579,45.047520413646026,2.115030646503641,47.16255106014967
0.519394201382864,1.4406009436830598,-2.3365638163561164,44.77496474706998,2.9661905758019387,47.74115532287192
1.340133416439411,1.9722336799813978,-1.0947370431841676,45.616866653020665,2.6057333629884667,48.22260001600913
1.5295359825343569,2.4349736955335137,-1.2636688131466172,45.525583246345114,2.1729264776724406,47.698509724017555
1.1829895096206846,1.6876871017161017,-0.342162820826127,45.86241666742263,3.084485644117315,48.946902311539944
1.553002754559244,1.6896203295431316,-0.3313848195025816,45.870493822801684,2.6768198596882726,48.54731368248996
1.033448709811146,0.41068357811682665,-2.150194734461701,44.939153013957394,3.207542597727006,48.1466956116844
1.478256250659993,0.7908962605981824,-1.1655090527507752,45.58197869224338,3.224333525131051,48.80631221737443
1.579292597063867,1.34295197450124,-0.4289985179754599,45.85551980555841,2.880807112402856,48.736326917961264
0.21239404448143254,0.8039133837205058,-1.4561053024953172,45.3687886788399,4.213325725984355,49.58211440482425
0.655351784412471,2.082550239004095,-1.3663177260754722,45.45966559742038,2.8056331351473816,48.265298732567764
1.1693640798608211,1.5779997144240299,-1.7995347669106114,45.16597812917177,2.9309314138266416,48.09690954299841
0.4779992415984711,1.7307387696541283,-1.0162854614175703,45.63141049976945,3.622524568952123,49.253935068721574
1.3142974755750136,1.8065409018962577,-0.6959794593537031,45.78442564355723,2.8452859651145275,48.629711608671755
1.1584790448114854,1.9997745518780887,-0.7673175759608731,45.75571081686206,2.7600865916267665,48.51579740848883
0.4473989838353669,1.1163739765838827,-1.4158539373822259,45.38219998929779,4.168093213812753,49.55029320311054
0.957541517629714,1.6965138821624886,-0.9178041800308991,45.67825648282269,3.4541474458953303,49.13240392871802
1.2739383872817749,0.5910970443084493,-1.5318274924090576,45.347087959007666,3.455569036704631,48.8026569957123
1.330973463450336,0.8259278096515635,-1.5721686978844986,45.32698172214773,3.284977622183085,48.61195934433081
0.5095395018523781,1.5970119562784197,-1.390024861778787,45.37426636889607,3.8154455026199017,49.189711871515975
0.4731812118573623,1.5330324404581157,-1.6535409750984857,45.25147000748268,3.5555170340771056,48.806987041559786
0.29489961076517496,1.3566147266269613,-1.8107024071943452,45.16426998394036,3.569241032381285,48.73351101632164
0.44924777590139364,0.4535377506620505,-1.4132712094630397,45.38774331715301,4.276193885982217,49.66393720313523
0.9500107880618994,0.7869380103302676,-1.6975981621317857,45.238454731110046,3.677221140964683,48.91567587207473
1.1413512307407316,0.9085702031706862,-1.6692421791548433,45.25760548965426,3.4722801357018724,48.72988562535613
1.0127721609978162,1.7182991298088224,-0.5393815602768078,45.81434770653391,3.2658758577634046,49.08022356429731
1.5629985732090252,0.24261965834288116,-1.302735468253967,45.50699241198921,3.1458106689939314,48.65280308098314
1.7129231897377022,1.6577453192831353,-1.4389469186622326,45.422539920243445,2.4919052851585874,47.91444520540203
0.5041245697733601,1.7083423746478315,-0.7781272802956455,45.719311416397645,3.6701944930633417,49.389505909460986
0.8075610179773003,1.2402784275456447,-1.6935778356068734,45.2370109470434,3.6307911431048296,48.86780209014823
0.7409738850333345,1.4658718862411628,-1.655649812583797,45.251743512607405,3.531918208802338,48.78366172140974
1.2115403455424594,0.46685722082592757,-0.6415787775956431,45.75477862425098,3.9445202560571886,49.69929888030817
1.1827278791928815,1.3109640001579894,-1.6121540217121249,45.28681650362951,3.2836123557040224,48.57042885933353
1.0217356172471141,1.3454336549396184,-1.8359924237659127,45.14661475869642,3.240030537201605,48.38664529589803
2.9898149654362913,1.3221318482150273,-3.4275659774310627,43.371424539829974,1.6702979592868488,45.04172249911682
1.9797344370816625,2.4958702456832516,-3.471409564520478,43.399421980503554,1.6507354000748578,45.05015738057841
0.48601580869588745,0.6688334177758435,-1.449368123790823,45.3722098476158,4.2142854106424465,49.586495258258246
0.5555743582050436,1.7953194215927346,-0.28435214690626465,45.85827144761393,3.4125298815998235,49.270801329213754
0.7244046260074831,2.8053909627197258,-1.7312137207171923,45.22742072331456,2.093449674369829,47.32087039768439
0.9891004675629109,2.137467051407425,-1.5412235407297146,45.35583381087188,2.538280566337342,47.89411437720922
2.3339202345160848,1.5441052492554093,-0.6968752303271398,45.780319521562454,2.1299985811352187,47.91031810269767
0.8060197949734882,1.4513195707075,-1.4162152817984293,45.369879474563,3.9398305070314095,49.30970998159441
0.799880983866158,0.2096958016916186,-1.392191940285774,45.393370302000264,4.270209230719182,49.663579532719446
0.9712316636977254,1.9414846798871823,-1.1310623911151145,45.594213650976855,2.9274300265199784,48.52164367749683
0.7347413299044712,1.9670780315161729,-1.1547360916028941,45.583376440460455,3.0059479888277565,48.58932442928821
0.9516121806039504,1.7191638939747553,-0.31316932951141246,45.86796990001593,3.247966506453828,49.11593640646976
1.0584298835891972,2.0810311421092855,-0.21318656246134943,45.87836846856171,2.769734696865484,48.648103165427194
3.311985757978856,3.673965439129457,-3.1347713144900653,43.57347807092493,1.2912971869887642,44.86477525791369
0.453706121661141,1.7314054579691913,-1.230698925342099,45.50228763563845,3.55904876623179,49.06133640187024
1.177732888863835,1.6171055296087908,-1.0140628839864183,45.643687205361815,3.3157865638350827,48.9594737691969
1.534440176534041,0.487063649695389,-1.2345402756599806,45.5445530137033,3.1847930124545556,48.729346026157856
1.8765016606620772,0.3672730378895101,-1.140086297727269,45.604004060108664,2.7693686446962715,48.373372704804936
0.7568053323185973,0.9801771170683636,-1.3967159815664987,45.38890917323287,4.169827890274966,49.558737063507834
1.3832754418331459,0.30021857078071496,-1.81573498600501,45.176271145906924,3.172274454585285,48.34854560049221
1.8911789412528455,0.5229371116396083,-2.058678267837549,44.9973557165762,2.5850280677820976,47.5823837843583
1.3828542141785052,1.6034203350097502,-1.0733693913222608,45.63092031586086,2.965843516660094,48.596763832520956
1.287462802616825,1.4125545333378118,-2.2812702495692325,44.79667023884551,2.6997960761891306,47.49646631503464
0.9881725381612283,1.7482149748861666,-3.322931260328251,43.73140410336493,2.1096925283704664,45.8410966317354
1.208870450971721,0.5252525708234693,-0.8969000398314805,45.66648376854799,3.9426260844499126,49.6091098529979
1.2056720644831436,1.9146324789286002,-1.7661958715710908,45.19416792126451,2.6382545126468813,47.83242243391139
0.22543070298414233,1.6668081367007108,-1.6669274461051098,45.23833260401137,3.417561794755784,48.65589439876715
0.6027943858324853,0.8839509438589699,-1.6555797632660743,45.266794999533914,3.9305270498738736,49.19732204940779
1.2101654888876396,1.1991749747961662,-1.3390667482101593,45.43932100563977,3.544980809788022,48.98430181542779
0.37946152669903893,2.418362001122885,-0.9642548038866073,45.676644520326526,2.5473017349722724,48.2239462552988
1.1719360231675633,1.8863745712108075,-0.9544973858048826,45.685265286214744,2.860983307368315,48.54624859358306
0.5045269770309634,1.8957959541519371,-1.352583920329406,45.453040724807785,3.143455669667624,48.59649639447541
0.37028124343774294,2.057209236258145,-1.6163179361835993,45.29583624828152,2.8449399374428097,48.14077618572433
1.2515030854629647,1.7780025708342824,-1.3096898207382484,45.48428926558997,2.8838598042734347,48.36814906986341
0.5093804360579796,0.21477214971873762,-1.6842312871511973,45.25727906441438,4.0133835527944015,49.27066261720878
1.4602509359733773,1.003396674982693,-0.2805926166347779,45.87046013344579,3.3031081134250186,49.17356824687081
0.18607460006828597,1.340420186177221,-1.4033139829516867,45.37704250126935,4.127156190718324,49.504198691987675
1.1715435354627202,0.7112623452424136,-1.3160469992808885,45.44340823601418,3.8096259463574285,49.25303418237161
0.6902043927132322,1.7035662935697222,-0.5237571529584593,45.804032130785636,3.5344985385592835,49.33853066934492
0.22100371181082706,0.4345218444049068,-1.6176625923499626,45.294148435249824,4.104072278742848,49.39822071399267
1.6510702322099224,0.32822641290949195,-0.2686020453370987,45.86958569027499,3.19885496696876,49.06844065724375
1.893953468376401,5.702487569591323,-1.5935907385843642,44.62635972113454,1.0680433796375368,45.69440310077208
1.379500014044308,0.45990565592131116,-1.4081952731892344,45.42943255526238,3.3892738059511487,48.81870636121353
1.0590566716324368,3.6091489670911963,-1.0679089228638894,45.51165002316962,1.6144812061545437,47.126131229324166
0.9990368203513134,1.8966310137269493,-0.6485018068438779,45.79203488840726,3.0199520356969316,48.81198692410419
1.4979164256288098,1.6623807573839595,-0.7609194608753964,45.7655542128435,2.7693362748732895,48.53489048771679
1.5818500236433628,1.8842051344717206,-0.9426942153622896,45.687670114326,2.501639070626169,48.189309184952165
1.184541987579843,1.5613503089234269,-0.7532901974026185,45.74573988364623,3.3345989501318556,49.080338833778086
1.19112326459149,0.1935097290776663,-0.8474144512699746,45.680778830689505,4.01221254491265,49.692991375602155
1.2047587424634392,1.3430937526730216,-1.0726963561041354,45.591091394228954,3.586144560516111,49.177235954745065
1.1056481300541834,3.261236302978114,-2.5187263053291042,44.545792841387694,1.6993796745308671,46.24517251591856
1.191222857366049,0.8087439091874049,-0.8196517370172156,45.69799339311701,3.9510572305361507,49.64905062365316
1.1004265813393406,1.9171923028467504,-1.29012028049659,45.507419614625476,2.7981680613394033,48.30558767596488
1.1350800510696697,1.1111275191680288,-1.6307473439921323,45.27400433517325,3.4681764054448365,48.74218074061809
1.3204683339196672,1.016994460600213,-1.6579037201958782,45.27319769044934,3.172767405962489,48.445965096411825
1.2144787596064093,1.056664808460042,-0.9666907609580702,45.6472738322353,3.7386590920137053,49.385932924249005
1.2015131388296663,0.7335425665585212,-0.581302647277363,45.77768416433093,3.8705449672965457,49.648229131627474
0.887906485494686,1.6046222192791249,-1.5950162634213434,45.280460009585184,3.363793210283106,48.64425321986829
0.5037496716452621,1.9184130103153585,-0.9391216043232573,45.68730683141756,3.209213050779425,48.89651988219698
0.811043404186329,0.7542811371885565,-1.9529525853942435,45.08051799985113,3.5017805107107804,48.58229851056191
1.077546689694264,0.5593060739495638,-1.6294714103208432,45.28172791899863,3.6589873970527265,48.94071531605135
0.690846103633979,1.9020571390476655,-0.5965790281204684,45.80599329999388,3.205146132522813,49.01113943251669
0.7783759165368589,1.9575411709722248,-0.7920872948029142,45.750962522984885,3.0537532348000767,48.80471575778496
0.6595415353726921,1.6804843914043417,-1.1025749621493481,45.58043552681154,3.68244444978383,49.26287997659537
1.1771207976222056,1.272446839019356,-0.8539484671285823,45.6880203734263,3.701437861022953,49.38945823444925
0.21035584466374851,1.6787166330515093,-1.3196846098032429,45.42135035069678,3.6946369360273863,49.11598728672416
1.1820292406531978,0.7555798475975244,-1.0802797446073935,45.58682296669726,3.9013608147429437,49.488183781440206
0.19240679567465874,1.4170902138571622,-1.6122356881973763,45.271544434834546,3.7827694814268895,49.054313916261435
1.1981485931105937,1.1726033879072884,-0.6832717168475309,45.755936956168505,3.662131848087718,49.41806880425622
0.44110491893299675,1.1685879932815428,-2.0404361137765674,45.01796847822891,3.433539125729652,48.45150760395856
0.22597068762747516,0.4313751536576973,-1.3751945710500793,45.40054414205498,4.330422505387645,49.73096664744263
0.39821329249205994,0.6305145985110227,-1.62586885220456,45.28607501964722,4.055200512628609,49.34127553227583
1.1345608642475036,1.4954847991227558,-1.549525877689421,45.311851801074624,3.2507082905055213,48.562560091580146
0.5132392979288952,1.70503070944201,-1.5587945360991489,45.3022530416478,3.3964036926915284,48.69865673433933
0.6427551538401571,1.6435749887930309,-1.7139491903142272,45.212945948351,3.2999822148457127,48.51292816319671
1.378523626125694,0.6702626792653175,-0.9511127622598391,45.67565151900578,3.4984619135361825,49.174113432541965
1.473666867251488,1.074839097990086,-1.509954879627492,45.37411133762089,3.026789320512904,48.40090065813379
1.738669368749137,1.2136952313635452,-1.8404662577180178,45.14782869867159,2.6146982964790197,47.76252699515061
2.4999999999999996,4.189680444760669,-10.20514398898427,30.697581405670736,0.683254831996237,31.380836237666973
2.500000000000001,2.956019645901611,-7.8619185828247735,36.187791049091906,0.9412793989530499,37.129070448044956
2.661749362068696,2.2833119405009974,-11.716688059499003,26.480184727039262,0.5725103543208974,27.05269508136016
2.7350695672309695,5.252653647678365,-8.149148653081127,35.269513310916636,0.8071125283104621,36.0766258392271
2.933461753684766,5.429380043872314,-11.965752307267916,25.691551962153536,0.5259706745633856,26.21752263671692
2.1580677171843123,1.9873797176840686,-9.696702463835141,32.195329835345596,0.7704930696903176,32.965822905035914
1.6599461542331706,5.839960171255886,-10.425662741229887,30.0615630634854,0.6408304670271399,30.70239353051254
1.7915157351719326,5.828647232426965,-6.688529596121757,37.84949433016948,0.8789645277443867,38.728458857913864
1.7322944172732364,3.9405569742470927,-11.93968776126504,25.90169895319612,0.533902654608319,26.43560160780444
3.2140279774068325,1.6967750031165882,-6.6967750031165885,38.32640574236636,1.1121091527995688,39.43851489516593
1.5133201801837979,4.189388538539526,-8.793703178549698,34.200118999351496,0.8040220419363919,35.00414104128789
3.2841143918617823,5.701932031158351,-9.760425600145762,31.509146309407722,0.6846718184515375,32.19381812785926
3.4207907016433827,3.8209729973065714,-11.608182822785063,26.750503690647953,0.5715221335805865,27.32202582422854
3.5617270272162576,2.864392498473292,-9.168721735219831,33.20068385330014,0.8094528773208864,34.01013673062103
2.4999999999999996,2.4617966997339575,-17.538203300266044,7.548851946403942,0.12698381735923103,7.675835763763173
2.4986902358209147,5.095641824289769,-17.479769454063074,7.929918545182239,0.13603852895070379,8.065957074132942
3.1444302409500997,3.741646772904616,-15.977058993599385,12.90347450094362,0.23074732203687454,13.134221822980495
1.7859739801275232,1.9954419640969903,-15.756766229732413,13.332703477956047,0.23822045439477257,13.57092393235082
3.1812351393022706,5.759179623581952,-15.705463060136188,14.230375106487056,0.26405231411835395,14.49442742060541
0.32785834838370986,0.4044250758254511,-1.0076340123477046,45.45144808620387,4.4923494651442155,49.943797551348084
0.56268207802077,1.1329469366765914,-0.9999999999999999,45.443947443207904,4.404413006848017,49.84836045005592
0.23810832791471398,0.26498170531796583,-1.0,45.45215216754282,4.502951775234564,49.955103942777384
0.48748123335124527,0.20329125429519068,-0.9999999999999999,45.45220891533133,4.498764038466881,49.950972953798214
0.7576075292620272,0.27324482843242415,-1.0,45.45168068145675,4.48650493760158,49.93818561905833
0.7873311042308164,0.5578756953991875,-0.9999999999999999,45.450086449765614,4.464744608566491,49.914831058332105
0.7916034388459514,0.9248993823715115,-0.9999999999999999,45.44660279517506,4.422648136651688,49.86925093182675
0.206793239064691,1.2980840108050316,-1.0,45.44157751257454,4.395327159677215,49.836904672251755
0.5866226504861237,0.45505779207653396,-0.9999999999999999,45.451021916379794,4.481138752242131,49.932160668621925
0.41209448500785206,0.6598898183646621,-0.9999999999999999,45.449638760709604,4.468657679037776,49.91829643974738
0.07656252373364617,0.6287927536244037,-0.9999999999999999,45.45002756398175,4.4789182172840825,49.92894578126583
0.2969321644170861,0.5088734377021409,-1.0024759770644192,45.45087526591788,4.485755040914867,49.93663030683275
0.5285250649175852,0.524217496276407,-1.0774317220076532,45.45052261347916,4.477088248459189,49.92761086193835
0.8100489376889974,1.3006346945332858,-0.998445740340132,45.4408902105838,4.3660154426788935,49.806905653262696
0.5677144920309973,0.908515747183911,-1.0,45.44702940827827,4.43517203789613,49.8822014461744
0.2100581646190811,0.9140053879961694,-0.9963296517485741,45.44717345338423,4.446108219301877,49.89328167268611
0.5034660344842429,0.5091222696094528,-0.9220059700916529,45.4508558839998,4.480247117450787,49.93110300145059
0.3453555547403401,1.094330644096177,-1.0,45.44467292128023,4.419359262250197,49.864032183530426
0.6712018851263761,0.7292367397291205,-1.0,45.44887646802278,4.452349990400975,49.90122645842376
